INSERT INTO `bannieres`
VALUES ("Permanente"),
("Arme Temporaire"),
("Perso Temporaire");

INSERT INTO `regions`
VALUES ("Mondstadt"),
("Liyue"),
("Inazuma"),
("Fontaine"),
("Natlan"),
("Sumeru"),
("Snezhnaya");

INSERT INTO `artefacts`
VALUES("Fleur"),
("Plume"),
("Sablier"),
("Coupe"),
("Couronne");

INSERT INTO `elements`
VALUES("anemo"),
("electro"), 
("geo"),
("dendro"), 
("pyro"), 
("cryo"),
("hydro"),
("all");

INSERT INTO `types_arme`
VALUES("Epée"),
("Claymore"),
("Catalyseur"),
("Lance"),
("Arc");

INSERT INTO `donjons` 
VALUES ("Antre de Stormterror", "boss", true, "Mondstadt"), 
("Chambre d'Or", "boss", true, "Liyue"),
("Sous l'arbre dompteur de dragon", "boss", true, "Liyue"),
("Tenshukaku","boss", true, "Inazuma"),
("Fin de l'euthymie onirique","boss", true, "Inazuma"),
("Atelier Joururi", "boss", true, "Sumeru"),
("Royaume des commencements", "boss", false, "Sumeru"),
("Ombre d'un autre monde", "boss", false, "Fontaine"),
("Ruines éparses","boss", false, "Fontaine"),
("Jardin estival", "artéfact", true, "Mondstadt"),
("Vallée de la réminiscence", "artéfact", true, "Mondstadt"),
("Au-dessus des nuages","artéfact", true, "Liyue"),
("Palais secret de la formule Zhou","artéfact", true, "Liyue"),
("Lagunes et montages","artéfact", true, "Liyue"),
("Pic de Vindagnyr","artéfact", true, "Mondstadt"),
("Garde de la montagne","artéfact", true, "Liyue"),
("Cour Momiji","artéfact", true, "Inazuma"),
("Cour d'hibernation", "artéfact", true, "Inazuma"),
("Vallée recluse","artéfact", true, "Liyue"),
("Tour de l'illumination", "artéfact", true, "Sumeru"),
("Cité d'or","artéfact", true, "Sumeru"),
("Forteresse de fer en fusion","artéfact", true, "Sumeru"),
("Dénouement des péchés","artéfact", true, "Fontaine"), 
("Ville des cascades", "artéfact", true, "Fontaine"),
("Théâtre fané", "artéfact", false, "Fontaine"),
("Sanctuaire des esprits arc-en-ciel", "artéfact", false, "Natlan"),
("Pépiniaire de cécilias", "matériaux d'élévation d'arme", true, "Mondstadt"),
("Palais secret de Lianshan", "matériaux d'élévation d'arme", true, "Liyue"),
("Cour des sables mouvants", "matériaux d'élévation d'arme", true, "Inazuma"),
("Tour de la fierté", "matériaux d'élévation d'arme", true, "Sumeru"),
("Échos des marées profondes", "matériaux d'élévation d'arme", true, "Fontaine"),
("Ancienne tour de guet", "matériaux d'élévation d'arme", false, "Natlan"),
("Gorge de l'oubli", "matériaux d'élévation d'aptitude", true, "Mondstadt"), 
("Manoir Taishan", "matériaux d'élévation d'aptitude", true, "Liyue"),
("Cour Violette", "matériaux d'élévation d'aptitude", true, "Inazuma"),
("Tour de l'ignorance", "matériaux d'élévation d'aptitude", true, "Sumeru"),
("Pâle gloire oubliée", "matériaux d'élévation d'aptitude", true, "Fontaine"),
("Ruines flamboyantes", "matériaux d'élévation d'aptitude", false, "Natlan");

INSERT INTO `sets`
VALUES ("Colère du tonnerre", "2 pièces : Confère un bonus de DGT Électro de 15 %. \r 4 pièces : Augmente les DGT infligés par Surcharge, Électrocution, Supraconduction et Exubérance de 40 % et le bonus de DGT accordée[sic] par Suractivation de 20 %. Au déclenchement de ces réactions élémentaires ou d'une réaction de Stimulation, le TdR de la compétence élémentaire diminue de 1 s. Cet effet peut être déclenché une fois toutes les 0,8 s.", "Jardin Estival"),
("Dompteur de foudre", "2 pièces : Augmente la RÉS Électro de 40 %. \r 4 pièces : Augmente les DGT infligés aux ennemis affectés par l'élément Électro de 35 %.", "Jardin estival"),
("Ombre de la Verte Chasseuse", "2 pièces : Confère un bonus de DGT Anémo de 15 %. \r 4 pièces : Augmente les DGT infligés par Dispersion de 60 % ; la RÉS élémentaire des ennemis diminue de 40 % pendant 10 s selon le type élémentaire de Dispersion.", "Vallée de la réminiscence"),
("Amour chéri", "2 pièces : Augmente les soins effectués par le personnage de 15 %. \r 4 pièces : Augmente les soins reçus par tous les personnages de l'équipe de 20 % pendant 10 s après l'utilisation d'une compétence élémentaire ou d'un déchaînement élémentaire.", "Vallée de la réminiscence"),
("Roche ancienne","2 pièces : Confère un bonus de DGT Géo de 15 % \r 4 pièces : Lorsque vous obtenez un cristal issu d'une Cristallisation, tous les personnages de l'équipe bénéficient d'un bonus de DGT du second élément de la réaction de 35 % pendant 10 s. Cet effet ne peut s'appliquer qu'à un seul élément à la fois.","Au-dessus des nuages"),
("Météore inversé", "2 pièces : Augmente la force du bouclier de 35 %. \r 4 pièces : Les attaques normales et chargées infligent un bonus de 40 % de DGT lorsque le personnage est sous la protection d'un bouclier.", "Au-dessus des nuages")
("Marcheur du feu", "2 pièces : Augmente la RÉS Pyro de 40 %. \r 4 pièces : Augmente les DGT infligés aux ennemis affectés par l'élément Pyro de 35 %.", "Palais secret de la formule Zhou"),
("Sorcière des flammes ardentes", "2 pièces : Confère un bonus de DGT Pyro de 15 %. \r 4 pièces : Augmente les DGT infligés par Surcharge, Brûlure et Bourgeonnement de 40 % et ceux d'Évaporation et de Fonte de 15 %. L'utilisation d'une compétence élémentaire augmente pendant 10 s l'effet du set de 2 pièces de 50 %. Cet effet peut être cumulé 3 fois maximum.", "Palais secret de la Formule Zhou"),
("Chevalerie ensanglantée", "2 pièces : Augmente les DGT physiques de 25 %. \r 4 pièces : L'utilisation d'attaques chargées ne consomme pas l'endurance pendant 10 s après la défaite d'un ennemi, et ces dernières infligent 50 % de DGT supplémentaires.", "Lagunes et Montagnes"),
("Ancien rituel royal", "2 pièces : Augmente les DGT infligés par le déchaînement élémentaire de 20 %. \r 4 pièces : Augmente l'ATQ de tous les personnages de l'équipe de 20 % pendant 12 s après un déchaînement élémentaire. Cet effet est non cumulable.", "Lagunes et Montagnes"),
("Briseur de glace", "2 pièces : Confère un bonus de DGT Cryo de 15 %. \r 4 pièces : Augmente le taux CRIT de 20 % lorsque le personnage attaque un ennemi affecté par l'élément Cryo. Confère un bonus supplémentaire de 20 % de taux CRIT si l'ennemi est gelé.", "Pic de Vindagnyr"),
("Âme des profondeurs", "2 pièces : Confère un bonus de DGT Hydro de 15 %. \r 4 pièces : Augmente les DGT infligés par les attaques normales et chargées de 30 % pendant 15 s après l'utilisation d'une compétence élémentaire.", "Pic de Vindagnyr"),
("Ténacité du Millelithe","2 pièces : Les PV sont augmentés de 20 %. \r 4 pièces : Lorsqu'une compétence élémentaire a touché un ennemi, l'ATQ de tous les personnages de l'équipe à proximité augmente de 20 % et la force de leur bouclier augmente de 30 % pendant 3 s. Cet effet peut être déclenché une fois toutes les 0,5 s, même lorsque le personnage équipé de ce set d'artéfacts fait partie de l'équipe mais n'est pas déployé.","Garde de la montagne"),
("Flamme blême","2 pièces : Augmente les DGT physiques de 25 %. \r 4 pièces : Lorsqu'une compétence élémentaire a touché un ennemi, l'ATQ augmente de 9 % pendant 7 s. Cet effet peut être cumulé 2 fois maximum et déclenché une fois toutes les 0,3 s. Une fois 2 cumuls atteints, l'effet du set de 2 pièces augmente de 100 %.","Garde de la montagne"),
("Réminiscence nostalgique","2 pièces : Augmente l'ATQ de 18 %. \r 4 pièces : Lorsque le personnage possède au minimum 15 pts d'énergie élémentaire, libérer une compétence élémentaire entraîne une perte de 15 pts d'énergie, mais les DGT infligés par son attaque normale, chargée et plongeante augmentent de 50 % pendant 10 s. Cet effet ne se déclenchera plus pendant cette durée.","Cour Momiji"),
("Emblème du destin brisé","2 pièces : Augmente la recharge d'énergie de 20 %. \r 4 pièces : Augmente les DGT infligés par le déchaînement élémentaire d'une valeur équivalant à 25 % de la recharge d'énergie. Les DGT peuvent être augmentés d'un maximum de 75 % de cette manière.","Cour Momiji"),
("Coquille des rêves opulents","2 pièces : Augmente la DÉF de 30 %. \r 4 pièces : Un personnage équipé de ce set d'artéfacts obtiendra 1 cumul de curiosité des façons suivantes : sur le champ de bataille, il obtient 1 cumul en touchant un ennemi avec une attaque Géo, ceci pouvant être déclenché une fois toutes les 0,3 s ; en faisant partie de l'équipe mais en n'étant pas déployé, il obtient 1 cumul toutes les 3 s. La curiosité peut être cumulée 4 fois maximum, chaque cumul accordant 6 % de bonus de DÉF et 6 % de bonus de DGT Géo. Si 6 s s'écoulent sans obtenir de cumul de curiosité, 1 cumul sera perdu.","Cour d'hibernation"),
("Palourde aux teintes océaniques","2 pièces : Augmente le bonus de soins de 15 %. \r 4 pièces : Lorsqu'un personnage équipé de ce set d'artéfacts soigne un personnage de l'équipe, une mousse marine apparaîtra pendant 3 s, accumulant la quantité de PV récupérée grâce au soin (y compris tout surplus au-dessus de 100 %). À la fin de la durée, la mousse marine explosera, infligeant des DGT aux ennemis proches d'une valeur équivalant à 90 % du soin accumulé (Ces DGT sont calculés de la même manière que les réactions d'Électrocution et de Supraconduction, mais ne sont pas affectés par la maîtrise élémentaire, les niveaux des personnages ou les bonus de DGT de réactions élémentaires). Une mousse marine peut être générée une fois toutes les 3,5 s, et chaque mousse marine peut accumuler jusqu'à 30 000 PV, incluant tout surplus au-dessus de 100 %. Il ne peut exister qu'une seule mousse marine à la fois. Cet effet peut être déclenché même lorsque le personnage équipé de ce set d'artéfacts fait partie de l'équipe mais n'est pas déployé.","Cour d'hibernation"),
("Au-delà cinabrin","2 pièces : Augmente l'ATQ de 18 %. \r 4 pièces : Lorsqu'un personnage utilise un déchaînement élémentaire, il gagne l'effet Lumière latente pendant 16 s, augmentant son ATQ de 8 %, puis de 10 % supplémentaires à chaque fois que ses PV diminuent. Cette augmentation supplémentaire peut être cumulée 4 fois maximum et déclenchée une fois toutes les 0,8 s. L'effet Lumière latente cesse lorsque le personnage quitte le champ de bataille. Si le personnage utilise à nouveau son déchaînement élémentaire alors que la Lumière latente est en effet, l'effet original de Lumière latente est dissipé.","Vallée recluse"),
("Échos d'une offrande","2 pièces : Augmente l'ATQ de 18 %. \r 4 pièces : En touchant un ennemi, les attaques normales ont 36 % de chances de déclencher l'effet Rituel de la vallée, augmentant les DGT d'attaque normale d'une valeur équivalant à 70 % de l'ATQ. Cet effet sera dissipé 0,05 s après avoir infligé des DGT avec une attaque normale. Chaque attaque normale ne déclenchant pas l'effet augmentera les chances de le déclencher la prochaine fois de 20 %. Cet effet peut être déclenché une fois toutes les 0,2 s.","Vallée recluse"),
("Souvenir de forêt","2 pièces : Confère un bonus de DGT Dendro de 15 % \r 4 pièces : Après qu'une compétence ou un déchaînement élémentaires a touché un ennemi, sa RÉS Dendro diminue de 30 % pendant 8 s. Cet effet peut être déclenché même si le personnage équipé de l'artéfact fait partie de l'équipe mais n'est pas déployé.","Tour de l'illumination"),
("Rêve doré","2 pièces : Augmente la maîtrise élémentaire de 80 pts. \r 4 pièces : Déclencher une réaction élémentaire confère pendant 8 s au personnage équipé de l'artéfact des bonus en fonction du nombre de types élémentaires des autres personnages de l'équipe : son ATQ augmente de 14 % pour chaque membre du même type élémentaire que le sien, et sa maîtrise élémentaire augmente de 50 pts pour chaque membre de type élémentaire différent du sien. Chacun des bonus susmentionnés compte un maximum de 3 personnages. Cet effet peut être déclenché une fois toutes les 8 s, même si le personnage équipé de l'artéfact fait partie de l'équipe mais n'est pas déployé.","Tour de l'illumination"),
("Chronique du Pavillon du désert","2 pièces : Confère un bonus de DGT Anémo de 15 %. \r 4 pièces : Lorsqu'une attaque chargée a touché un ennemi, la VIT d'attaque normale du personnage augmente de 10 % et les DGT infligés par ses attaques normales, chargées et plongeantes augmentent de 40 %, pendant 15 s.","Cité d'or"),
("Fleur du paradis perdu","2 pièces : Augmente la maîtrise élémentaire de 80 pts. \r 4 pièces : Augmente les DGT infligés par les réactions de Fleurissement, d'Exubérance et de Bourgeonnement du personnage équipé de l'artéfact de 40 %. De plus, lorsque le personnage équipé de l'artéfact a déclenché une réaction de Fleurissement, d'Exubérance ou de Bourgeonnement, le bonus mentionné précédemment augmente de 25 % pendant 10 s. Cet effet peut être cumulé 4 fois maximum et déclenché une fois toutes les secondes. Cet effet peut être déclenché même si le personnage équipé de l'artéfact fait partie de l'équipe mais n'est pas déployé.","Cité d'or"),
("Rêve de la nymphe","2 pièces : Confère un bonus de DGT Hydro de 15 %. \r 4 pièces : Lorsqu'une attaque normale, chargée ou plongeante, une compétence ou un déchaînement élémentaires a touché un ennemi, un cumul de l'effet Nymphe reflétée de 8 s est généré. Avec 1, 2 ou au minimum 3 cumuls de nymphe reflétée, l'ATQ augmente respectivement de 7 %/16 %/25 % et le bonus de DGT Hydro de 4 %/9 %/15 %. Les cumuls de nymphe reflétée obtenus grâce aux différents types d'attaques (normales, chargées, plongeantes, compétences et déchaînements élémentaires) existent indépendamment les uns des autres.","Forteresse de fer en fusion"),
("Lueur du vourukasha","2 pièces : Les PV sont augmentés de 20 %. \r 4 pièces : Les DGT infligés par les compétences et déchaînements élémentaires augmentent de 10 %. Lorsque le personnage équipé de l'artéfact a subi des DGT, cet effet de bonus de DGT augmente de 80 % pendant 5 s. Cet effet peut être cumulé 5 fois maximum, la durée de chaque cumul étant calculée de façon indépendante. Cet effet peut être déclenché même si le personnage fait partie de l'équipe mais n'est pas déployé.","Forteresse de fer en fusion"),
("Chasseur de la Maréchaussée","2 pièces : Augmente les DGT infligés par les attaques normales et chargées de 15 %. \r 4 pièces : Lorsque les PV actuels du personnage augmentent ou diminuent, son taux CRIT augmente de 12 % pendant 5 s. Cet effet peut être cumulé 3 fois maximum.","Dénouement des péchés"),
("Troupe dorée","2 pièces : Augmente les DGT infligés par la compétence élémentaire de 20 %. \r 4 pièces : Les DGT infligés par les compétences élémentaires augmentent de 25 %. De plus, lorsque le personnage fait partie de l'équipe mais n'est pas déployé, les DGT infligés par ses compétences élémentaires augmentent de 25 % supplémentaires, cet effet prenant fin 2 s après le déploiement du personnage.","Dénouement des péchés"),
("Chanson des jours d'antan","2 pièces : Augmente le bonus de soins de 15 %. \r 4 pièces : Lorsque le personnage équipé de l'artéfact soigne un personnage de l'équipe, l'effet Désir est créé pendant 6 s, accumulant la quantité de PV soignés (y compris tout surplus au-dessus de 100 %). À la fin de la durée, l'effet Désir est converti en l'effet Vague d'antan : lorsque votre personnage déployé touche un ennemi avec une attaque normale, chargée ou plongeante, une compétence ou un déchaînement élémentaires, les DGT infligés augmentent d'une valeur équivalant à 8 % de la quantité de PV accumulée par l'effet Désir. L'effet Vague d'antan est annulé après avoir été déclenché 5 fois ou après 10 s. L'effet Désir peut accumuler jusqu'à 15 000 PV et il ne peut en exister qu'un seul à la fois, mais il peut accumuler les soins effectués par plusieurs personnages équipés de cet artéfact. Cet effet peut être déclenché même si les personnages équipés de cet artéfact font partie de l'équipe mais ne sont pas déployés.","Ville des cascades"),
("Murmure nocturne en forêt d'échos","2 pièces : Augmente l'ATQ de 18 %. \r 4 pièces : Après l'utilisation d'une compétence élémentaire, le bonus de DGT Géo augmente de 20 % pendant 10 s. Sous la protection d'un bouclier généré par une réaction de Cristallisation, cet effet augmente de 150 %, cette augmentation supplémentaire disparaissant 1 s après la perte du bouclier.","Ville des cascades"),
("Fragment d'harmonie divergente","2 pièces : Augmente l'ATQ de 18 %. \r 4 pièces : Lorsque la valeur d'un engagement vital augmente ou diminue, les DGT infligés par le personnage augmentent de 18 % pendant 6 s. Cet effet peut être cumulé 3 fois maximum.","Théâtre fané"),
("Rêverie incomplète","2 pièces : Augmente l'ATQ de 18 %. \r 4 pièces : Après avoir été hors combat pendant 3 s, les DGT infligés augmentent de 50 %. En combat, si aucun ennemi brûlé n'est à proximité pendant plus de 6 s, cette augmentation de DGT diminue de 10 % toutes les secondes, jusqu'à atteindre 0 % ; si un ennemi brûlé est à proximité, elle augmente de 10 % toutes les secondes, jusqu'à atteindre 50 %. Cet effet peut être déclenché même lorsque le personnage équipé de ce set d'artéfacts fait partie de l'équipe mais n'est pas déployé.","Théâtre fané"),
("Parchemin du héros de la Cité de braise","2 pièces : Lorsqu'un membre de l'équipe à proximité déclenche une éruption noctâme, le personnage équipé de l'artéfact récupère 6 pts d'énergie élémentaire. \r 4 pièces : Lorsque le personnage équipé de l'artéfact a déclenché une réaction liée à son type élémentaire, le bonus de DGT élémentaires des éléments concernés par cette réaction augmente de 12 % pendant 15 s pour tous les personnages de l'équipe à proximité. Si le personnage équipé de l'artéfact bénéficie d'une bénédiction noctâme lors du déclenchement de cet effet, le bonus de DGT élémentaires des éléments concernés par cette réaction augmente de 28 % supplémentaires pendant 20 s pour tous les personnages de l'équipe à proximité. L'effet ci-dessus peut être déclenché même si le personnage n'est pas déployé, et les effets d'augmentation des DGT accordés par les sets d'artéfacts du même nom ne se cumulent pas.","Sanctuaire des esprits arc-en-ciel"),
("Codex d'obsidienne","2 pièces : Lorsque le personnage équipé de l'artéfact bénéficie d'une bénédiction noctâme et est sur le terrain, les DGT qu'il inflige augmentent de 15 %. \r 4 pièces : Lorsque le personnage équipé de l'artéfact a consommé 1 pt de noctâme sur le terrain, le taux CRIT augmente de 40 % pendant 6 s. Cet effet peut être déclenché une fois toutes les secondes.","Sanctuaire des esprits arc-en-ciel");

INSERT INTO `personnages` 
VALUES ("Voyageur", NULL, NULL, "all", 5, "Maîtrise", "Recharge", NULL, "Epée"),
("Xiao", NULL, NULL, "anemo", 5, "DGT crit", "Taux Crit", "Liyue", "Lance"),
("Venti", NULL, NULL, "anemo", 5, "Recharge", "Maîtrise", "Mondstadt", "Arc"),
("Sucrose", NULL, NULL, "anemo", 4, "Recharge", "Maîtrise", "Mondstadt", "Catalyseur"),
("Jean", NULL, NULL, "anemo", 5, "Taux Crit", "DGT Crit", "Mondstadt", "Epée"),
("Kazuha", "Kadehara", NULL, "anemo", 5, "Recharge", "Maîtrise", "Inazuma", "Epée"),
("Sayu", NULL, NULL, "anemo", 4, "ATQ%", "Recharge", "Inazuma", "Claymore"),
("Heizou", "Shikanoin", NULL, "anemo", 4, "Taux Crit", "DGT Crit", "Inazuma", "Catalyseur"),
("Nomade", NULL, NULL, "anemo", 5, "Taux Crit", "DGT Crit", "Inazuma", "Catalyseur"),
("Faruzan", NULL, NULL, "anemo", 4, "Recharge", "Taux Crit", "Sumeru", "Arc"),
("Lynette", NULL, NULL, "anemo", 4, "Taux Crit", "Recharge", "Fontaine", "Epée"),
("Xianyun", NULL, NULL, "anemo", 5, "Recharge", "ATQ%", "Liyue", "Catalyseur"),
("Xiangling", NULL, NULL, "pyro", 4, "Recharge", "Taux Crit", "Liyue","Lance"),
("Klee", NULL, NULL, "pyro", 5, "Taux Crit", "DGT Crit", "Mondstadt", "Catalyseur"),
("Diluc", NULL, NULL,"pyro", 5, "Taux Crit", "DGT Crit", "Mondstadt", "Claymore"),
("Bennett", NULL, NULL,"pyro", 4, "PV%", "Recharge", "Mondstadt", "Epée"),
("Amber", NULL, NULL,"pyro", 4, "Taux Crit", "DGT Crit", "Mondstadt", "Arc"),
("Xinyan", NULL, NULL,"pyro", 4, "DEF%", "Recharge", "Liyue", "Claymore"),
("Tao", "Hu", NULL, "pyro", 5, "Taux Crit", "DGT Crit", "Liyue", "Lance"),
("Yanfei", NULL, NULL, "pyro", 4, "Taux Crit", "DGT Crit", "Liyue", "Catalyseur"),
("Yoimiya", NULL, NULL, "pyro", 5, "Taux Crit", "DGT Crit", "Mondstadt", "Arc"),
("Thomas", NULL, NULL, "pyro", 4, "PV%", "Recharge", "Inazuma", "Lance"),
("Dehya", NULL, NULL, "pyro", 5, "ATQ%", "Taux Crit", "Sumeru", "Claymore"),
("Lyney", NULL, NULL, "pyro", 5, "Taux Crit", "DGT Crit", "Fontaine", "Arc"),
("Chevreuse", NULL, NULL, "pyro", 4, "Recharge", "Taux Crit", "Fontaine", "Lance"),
("Gaming", NULL, NULL, "pyro", 4, "Recharge", "Taux Crit", "Liyue", "Claymore"),
("Arlecchino", NULL, NULL, "pyro", 5,"Taux Crit", "DGT Crit", "Fontaine", "Lance"), 
("Razor", NULL, NULL, "electro", 4, "Taux Crit", "DGT Crit", "Mondstadt", "Claymore"),
("Fischl", NULL, NULL, "electro", 4, "Taux Crit", "DGT Crit", "Mondstadt", "Arc"),
("Beidou", NULL, NULL, "electro", 4, "Recharge", "Taux Crit", "Inazuma", "Claymore"),
("Lysa", NULL, NULL, "electro", 4,"Taux Crit", "DGT Crit", "Mondstadt", "Catalyseur"),
("Keqing", NULL, NULL, "electro", 5, "Taux Crit", "DGT Crit", "Liyue", "Epée"),
("Raiden", "Shogun", NULL, "electro", 5, "Taux Crit", "DGT Crit", "Inazuma", "Catalyseur"),
("Sara", "Kujou", NULL, "electro", 4, "Taux Crit", "DGT Crit", "Inazuma", "Arc"),
("Yae", "Miko", NULL, "electro", 5, "Taux Crit", "DGT Crit", "Inazuma", "Catalyseur"),
("Shinobu", "Kuki", NULL, "electro", 4, "PV%", "Maîtrise", "Inazuma", "Catalyseur"),
("Dori", NULL, NULL, "electro", 4, "PV%", "Recharge", "Sumeru", "Claymore"),
("Cyno", NULL, NULL, "electro", 5, "Taux Crit", "DGT Crit", "Sumeru", "Lance"),
("Clorinde", NULL, NULL, "electro", 5, "Taux Crit", "DGT Crit", "Fontaine", "Epée"),
("Sethos", NULL, NULL, "electro", 4, "Taux Crit", "DGT Crit", "Sumeru", "Arc"),
("Chongyun", NULL, NULL, "cryo", 4, "Taux Crit", "DGT Crit", "Mondstadt", "Claymore"),
("Kaeya", NULL, NULL, "cryo", 4, "Taux Crit", "DGT Crit", "Mondstadt", "Epée"),
("Qiqi", NULL, NULL, "cryo", 5, "ATQ%", "Recharge", "Liyue", "Epée"),
("Diona", NULL, NULL, "cryo", 4, "PV%", "Recharge", "Mondstadt", "Arc"),
("Ganyu", NULL, NULL, "cryo", 5, "Taux Crit", "DGT Crit", "Liyue", "Arc"),
("Rosalia", NULL, NULL, "cryo", 4, "Taux Crit", "DGT Crit", "Mondstadt", "Lance"),
("Eula", NULL, NULL, "cryo", 5, "Taux Crit", "DGT Crit", "Mondstadt", "Claymore"),
("Ayaka", "Kamisato", NULL, "cryo", 5, "Taux Crit", "DGT Crit", "Inazuma", "Epée"),
("Aloy", NULL, NULL, "cryo", 5, "Taux Crit", "DGT Crit", NULL, "Arc"),
("Shenhe", NULL, NULL, "cryo", 5, "ATQ%", "Recharge", "Liyue", "Lance"),
("Layla", NULL, NULL, "cryo", 4, "Taux Crit", "Recharge", "Sumeru", "Epée"),
("Mika", NULL, NULL, "cryo", 4, "Taux Crit", "Recharge", "Fontaine", "Lance"),
("Fréminet", NULL, NULL, "cryo", 4, "Recharge", "Taux Crit", "Fontaine", "Claymore"),
("Wriothesley", NULL, NULL, "cryo", 5, "Taux Crit", "DGT Crit", "Fontaine", "Catalyseur"),
("Charlotte", NULL, NULL, "cryo", 4, "Recharge", "ATQ%", "Fontaine", "Catalyseur"),
("Noëlle", NULL, NULL, "geo", 4, "DEF%", "Recharge", "Mondstadt", "Claymore"),
("Ningguang", NULL, NULL, "geo", 4, "Taux Crit", "DGT Crit", "Liyue", "Catalyseur"),
("Zhongli", NULL, NULL, "geo", 5, "Taux Crit", "DGT Crit", "Liyue", "Lance"),
("Albedo", NULL, NULL, "geo", 5, "Taux Crit", "DGT Crit", "Mondstadt", "Epée"),
("Gorou", NULL, NULL, "geo", 4, "DEF%", "Recharge", "Liyue", "Arc"),
("Itto", "Arataki", NULL, "geo", 5, "Taux Crit", "DGT Crit", "Inazuma", "Claymore"),
("Jin", "Yun", NULL, "geo", 4, "Taux Crit", "DEF%", "Liyue", "Lance"),
("Navia", NULL, NULL, "geo", 5, "Taux Crit", "DGT Crit", "Fontaine", "Claymore"),
("Chiori", NULL, NULL, "geo", 5, "Taux Crit", "DGT Crit", "Inazuma", "Epée"),
("Kachina", NULL, NULL, "geo", 4, "Taux Crit", "DGT Crit", "Sumeru", "Lance"),
("Xilonen", NULL, NULL, "geo", 5, "Recharge", "DEF%", "Natlan", "Epée"),
("Collei", NULL, NULL, "dendro", 4, "Taux Crit", "DGT Crit", "Sumeru", "Arc"),
("Tighnari", NULL, NULL, "dendro", 5, "Taux Crit", "DGT Crit", "Sumeru", "Arc"),
("Nahida", NULL, NULL, "dendro", 5, "Maîtrise", "Taux Crit", "Sumeru", "Catalyseur"),
("Alhaitham", NULL, NULL, "dendro", 5, "Recharge", "Taux Crit", "Sumeru", "Epée"),
("Yaoyao", NULL, NULL, "dendro", 4, "Taux Crit", "Recharge", "Inazuma", "Lance"),
("Baizhu", NULL, NULL, "dendro", 5, "PV%", "Recharge", "Liyue", "Catalyseur"),
("Kaveh", NULL, NULL, "dendro", 4, "Recharge", "Maîtrise", "Sumeru", "Catalyseur"),
("Kirara", NULL, NULL, "dendro", 4, "Recharge", "PV%", "Inazuma", "Epée"),
("Émilie", NULL, NULL, "dendro", 5, "Taux Crit", "DGT Crit", "Fontaine", "Lance"),
("Kinich", NULL, NULL, "dendro", 5, "Taux Crit", "ATQ%", "Natlan", "Claymore"),
("Xingqiu", NULL, NULL, "hydro", 4, "Recharge", "Taux Crit", "Liyue", "Epée"),
("Barbara", NULL, NULL, "hydro", 4, "Recharge", "PV%", "Mondstadt", "Catalyseur"),
("Mona", NULL, NULL, "hydro", 5, "Taux Crit", "Recharge", "Mondstadt", "Catalyseur"),
("Tartaglia", NULL, NULL, "hydro", 5, "Taux Crit", "DGT Crit", "Snezhnaya", "Arc"),
("Kokomi", NULL, NULL, "hydro", 5, "PV%", "Recharge", "Inazuma", "Catalyseur"),
("Ayato", "Kamisato", NULL, "hydro", 5, "Taux Crit", "DGT Crit", "Inazuma", "Epée"),
("Yelan", NULL, NULL, "hydro", 5, "Taux Crit", "DGT Crit", "Liyue", "Arc"),
("Candace", NULL, NULL, "hydro", 4, "Recharge", "PV%", "Sumeru", "Lance"),
("Nilou", NULL, NULL, "hydro", 5, "Maîtrise", "PV%", "Sumeru", "Epée"),
("Neuvillette", NULL, NULL, "hydro", 5, "Taux Crit", "DGT Crit", "Fontaine", "Catalyseur"),
("Furina", NULL, NULL, "hydro", 5, "Taux Crit", "Recharge", "Fontaine", "Epée"),
("Sigewinne", NULL, NULL, "hydro", 5, "PV%", "Recharge", "Fontaine", "Arc"),
("Mualani", NULL, NULL, "hydro", 5, "Taux Crit", "DGT Crit", "Natlan", "Catalyseur");




INSERT INTO `armes`
VALUES("Épée du faucon", 5, "Epée", "Stats : 44 base ATQ, DÉF \r Toucher un ennemi avec une attaque normale ou plongeante accorde une ode aux fleurs : augmente la DÉF de 8 % et accorde un bonus de DGT élémentaires de 10 %, le tout pendant 6 s, cet effet pouvant être cumulé 2 fois maximum et déclenché une fois toutes les 0,1 s. Lorsque cet effet obtient 2 cumuls ou que la durée du 2e cumul est actualisée, chaque tranche de 1 000 pts de DÉF du personnage équipé de l'arme augmente le bonus de DGT élémentaires de tous les personnages de l'équipe à proximité de 8 % (jusqu'à 25,6 % maximum) pendant 15 s.", "Voeux permanents"),
("Lame de la voute d'Azur", 5, "Epée", "Stats : 46 base ATQ, Recharge d'énergie \r Augmente le taux CRIT de 4%; le dechainement élémentaire confère l'effet Croc du Perceur de ciel, qui augmente la VIT de déplacement de 10%, la VIT d'ATQ de 10% et les DGT des attaques normales et chargées de 20% pendant 12s.", "Voeux permanents"),
("Tranche-Sommets", 5, "Epée", "Stats : 46 base ATQ, ATQ% \r Renforce le bouclier de 20%. Toucher un ennemi augmente l'ATQ de 4% pendant 8s. Cet effet peut etre cumulé 5 fois au maximum et peut être déclenché une fois toutes les 0.3s. Lorsque vous êtes protégé par bouclier, l'ATQ de cet effet augmente de 100%.", "Voeux temporaires"),
("Coupeur de jade primordial", 5, "Epée", "Stats : 44 base ATQ, Taux CRIT \r Augmente les PV de 20%. De plus, augmente l'ATQ à hauteur de 1,2% des PV max du porteur.", "Voeux temporaires"),
("Serment de la liberté", 5,"Epée", "Stats : 46 base ATQ, Maîtrise élémentaire \r Partie du « Concert du millénaire ». Augmente les dégâts infligés de 10 %. Si le personnage déclenche une réaction élémentaire, il obtient un talisman de résistance, à raison d'un talisman toutes les 0,5 s max, même s'il n'est plus déployé. Une fois 2 talismans cumulés, ils sont consommés et font bénéficier pendant 12 s tous les membres de l'équipe à proximité de l'effet « Concert du millénaire - Ode à la révolte », ce qui augmente les dégâts infligés par les attaques normales, les attaques chargées et les attaques plongeantes de 16 % et l'ATQ de 20 %. Il n'est plus possible de gagner de talismans de résistance pendant 20 s après l'activation de cet effet. Les différents effets du « Concert du millénaire » ne peuvent pas être cumulés.", "Voeux permanents"),
("Reflet de tranche-brume", 5,"Epée", "Stats : 48 base ATQ, DGT CRIT \r Accorde 12% de bonus de DGT élémentaires pour tous les éléments, et confère la puissance du sceau de tranche-brume. 1/2/3 charges de sceau de tranche-brume accordent au personnage respectivement 8/16/28% de bonus de DGT de son élément. Le personnage peut obtenir 1 charge de sceau de tranche-brume dans chacune des situations suivantes : si son attaque normale inflige des DGT élémentaires, il obtient une charge de 5s; s'il utilise son déchaînement élémentaire, il obtient une charge de 10s; si son énergie élémentaire est inférieure à 100%, il obtient une charge qui disparaît lorsque l'énergie redevient pleine. La durée de chaque charge est calculée indépendamment.", "Voeux temporaires"),
("Lune ondulante de Futsu", 5,"Epée", "Stats : 46 base ATQ, Taux CRIT \r Accorde un bonus de DGT élémentaires de 12 %. Lorsqu'un autre personnage de l'équipe à proximité utilise une compétence élémentaire, le personnage équipé de cette arme obtient 1 cumul de Pic de vague. Cet effet peut être cumulé 2 fois maximum et déclenché une fois toutes les 0,3 s. Lorsque le personnage équipé de l'arme utilise une compétence élémentaire, tous les cumuls de Pic de vague sont consommés pour accorder un effet de Tumulte, augmentant les DGT d'attaque normale de 20 % pour chaque cumul de Pic de vague consommé, pendant 8 s.", "Voeux temporaires"),
("Clé de Khaj-Nisut", 5,"Epée", "Stats : 44 base ATQ, PV% \r Les PV sont augmentés de 20 %. Lorsqu'une compétence élémentaire touche un ennemi, un effet de Rhapsodie de 20 s est généré : augmente la maîtrise élémentaire d'une valeur équivalant à 0,12 % des PV max du personnage équipé de l'arme. Cet effet peut être déclenché une fois toutes les 0,3 s et cumulé 3 fois maximum. Lorsque cet effet gagne 3 cumuls ou que la durée du 3e cumul est actualisée, la maîtrise élémentaire de tous les personnages de l'équipe à proximité augmente d'une valeur équivalant à 0,2 % des PV max du personnage équipé de l'arme pendant 20 s.", "Voeux temporaires"),
("Lumière d'incision foliaire", 5,"Epée", "Stats : 44 base ATQ, DGT CRIT \r Augmente le taux CRIT de 4 %. Lorsqu'une attaque normale a infligé des DGT élémentaires, l'effet Sanction foliaire est obtenu, augmentant les DGT infligés par les attaques normales et les compétences élémentaires d'une valeur équivalant à 120 % de la maîtrise élémentaire. Cet effet disparaît après 12 s ou après avoir été déclenché 28 fois, et l'effet Sanction foliaire peut être obtenu une fois toutes les 12 s.", "Voeux temporaires"),
("Splendeur des eaux calmes", 5, "Epée", "Stats : 44 base ATQ, DGT CRIT \r Lorsque les PV actuels du personnage équipé de l'arme augmentent ou diminuent, les DGT infligés par ses compétences élémentaires augmentent de 8 % pendant 6 s, cet effet pouvant être cumulé 3 fois maximum et déclenché une fois toutes les 0,2 s. Lorsque les PV actuels d'un autre personnage de l'équipe augmentent ou diminuent, les PV max du personnage équipé de l'arme augmentent de 14 % pendant 6 s, cet effet pouvant être cumulé 2 fois maximum et déclenché une fois toutes les 0,2 s. Ces effets peuvent être déclenchés même si le personnage équipé de l'arme fait partie de l'équipe mais n'est pas déployé.", "Voeux temporaires"),
("Uruka Misugiri", 5, "Epée","Stats : 44 base ATQ, DGT CRIT \r Les DGT infligés par les attaques normales augmentent de 16 % et ceux infligés par les compétences élémentaires augmentent de 24 %. Lorsqu'un personnage de l'équipe à proximité a infligé des DGT Géo, les effets susmentionnés augmentent de 100 % pendant 15 s. De plus, la DÉF du personnage équipé de l'arme augmente de 20 %.", "Voeux temporaires"),
("Absolution", 5,"Epée", "Stats : 48 base ATQ, DGT CRIT \r Augmente les DGT CRIT de 20%. Lorsque la valeur d'un engagement vital augmente, les DGT infligés par le personnage équipé de l'arme augmentent de 16% pendant 6 s, cet effet pouvant être cumulé 3 fois maximum.", "Voeux temporaires"),
("Chanson de patrouille de sommet", 5, "Epée","Stats : 44 base ATQ, DÉF \r Toucher un ennemi avec une attaque normale ou plongeante accorde une ode aux fleurs : augmente la DÉF de 8 % et accorde un bonus de DGT élémentaires de 10 %, le tout pendant 6 s, cet effet pouvant être cumulé 2 fois maximum et déclenché une fois toutes les 0,1 s. Lorsque cet effet obtient 2 cumuls ou que la durée du 2e cumul est actualisée, chaque tranche de 1 000 pts de DÉF du personnage équipé de l'arme augmente le bonus de DGT élémentaires de tous les personnages de l'équipe à proximité de 8 % (jusqu'à 25,6 % maximum) pendant 15 s.", "Voeux temporaires"),
("Rugissement du lion", 4, "Epée","Stats : 42 base ATQ, ATQ% \r Augmente les DGT infligés aux ennemis affectés par l'état Pyro ou Électro de 20%.", "Voeux permanents"),
("Epée rituelle", 4, "Epée", "Stats : 41 base ATQ, Recharge d'énergie \r Les compétences ont 40% de chance de réinitialiser leur propre TdR lorsqu'elles infligent des DGT. Cet effet peut être déclenché une fois toute les 30s.", "Voeux permanents"),
("Epée de Favonius", 4, "Epée", "Stats : 41 base ATQ, Recharge d'énergie \r Les coups CRIT ont 60% de chance de générer un orbe élémentaire qui restaure 6pts d'énergie. Cet effet peut être déclenché une fois toutes les 12s.", "Voeux permanents"),
("La flûte", 4, "Epée", "Stats : 42 base ATQ, ATQ% \r Les attaques normales et chargées confèrent une harmonie à chaque fois qu'elles touchent. Au bout de 5 harmonies, Le pouvoir de la musique est libéré, et inflige 100% de DGT d'ATQ aux ennemis proches. Les harmonies durent jusqu'à 30 s, et une harmonie peut être obtenue toutes Les 0,5 s max.", "Voeux permanents"),
("Eclair des impasses", 4, "Epée", "Stats : 45 base ATQ, Maîtrise élémentaire \r Augmente les DGT infligés par le personnage de 12%. Cet effet disparaît pendant 5s lorsque le personnage subit des DGT.", "Voeux temporaires"),
("Clair de lune de Xiphos", 4, "Epée", "Stats : 42 base ATQ, Maîtrise élémentaire \r L'effet suivant se déclenche toutes les 10 s : le personnage équipé de l'arme obtient 0,036 % de recharge d'énergie pour chaque point de maîtrise élémentaire qu'il possède pendant 12 s, alors que les autres personnages de l'équipe à proximité obtiennent 30 % de ce bonus. Plusieurs armes du même nom peuvent permettre à ce bonus de se cumuler. L'effet peut être déclenché même lorsque le personnage fait partie de l'équipe mais n'est pas déployé.", "Voeux temporaires"),
("L'assistant du docker", 4, "Epée", "Stats : 42 base ATQ, PV% \r Lorsque le personnage reçoit ou effectue des soins, il obtient une marque stoïque pendant 30 s, un maximum de 3 marques stoïques pouvant être obtenu. Utiliser une compétence ou un déchaînement élémentaires consomme toutes les marques stoïques et accorde un effet de surrection pendant 10 s : chaque marque stoïque consommée augmente la maîtrise élémentaire de 40 pts puis, 2 s après le début de l'effet, restaure l'énergie élémentaire du personnage équipé de l'arme de 2 pts. Un effet de surrection peut être déclenché une fois toutes les 15 s, et des marques stoïques peuvent être obtenues même lorsque le personnage fait partie de l'équipe mais n'est pas déployé.", "Voeux temporaires"),
("Os robuste", 4, "Epée", "Stats : 42 base ATQ, Recharge d'énergie \r La consommation d'endurance du sprint ou du sprint alternatif diminue de 15 %. De plus, les DGT infligés par les attaques normales augmentent d'une valeur équivalant à 16 % de l'ATQ après avoir utilisé un sprint ou un sprint alternatif, cet effet disparaissant après avoir été activé 18 fois ou après 7 s.", "Voeux temporaires"),
("Passeur du Fleuve cendré", 4, "Epée", "Stats : 42 base ATQ, Recharge d'énergie \r Le taux CRIT des compétences élémentaires augmente de 8 %. De plus, utiliser une compétence élémentaire augmente la recharge d'énergie de 16 % pendant 5 s.", "Récompense pêche"),
("Kagotsurube Isshin", 4, "Epée", "Stats : 42 base ATQ, ATQ% \r Lorsqu'une attaque normale, chargée ou plongeante touche un ennemi, elle déclenche une rafale de mistral, infligeant des DGT de zone équivalant à 180 % de l'ATQ et augmentant l'ATQ de 15 % pendant 8 s. Cet effet peut être déclenché une fois toutes les 8 s.", "Histoire : Quête de Kazuha"),
("Lame du Narzissenkreuz", 4, "Epée", "Stats : 42 base ATQ, ATQ% \r Si le personnage équipé de l'arme n'a pas d'Arkhe : lorsque ses attaques normales, chargées ou plongeantes touchent, une explosion d'énergie pneuma ou ousia est déclenchée, infligeant des DGT d'une valeur équivalant à 160 % de son ATQ. Cet effet peut être déclenché une fois toutes les 12 s, et le type de l'explosion d'énergie est déterminé par l'alignement actuel de la Lame du Narzissenkreuz.", "Histoire : Sur les traces de Narcisse"),
("Epée de la descente", 4, "Epée", "Stats : 39 base ATQ, ATQ% \r Les attaques normales et chargées ont 50% de chance losqu'elles touchent d'infliger des DGT équivalent à 200% de l'ATQ dans une zone restreinte. Cet effet peut être déclenché une fois toutes les 10s. L'ATQ du Voyageur augmente de 66pts lorsque Epée de la descente est équipée.", "Exclu PS4"),
("Croc Suppurant", 4, "Epée", "Stats : 42 base ATQ, Recharge d'énergie \r Augmente les DGT de la compétence élémentaire de 16%et son taux de CRIT de 6%.", "Evènement"),
("Fuseau de cinabre", 5, "Epée", "Stats : 41 base ATQ, DEF% \r Augmente les dégâts infligés par la compétence élémentaire d'une valeur équivalant à 40 % de la DÉF. Cet effet peut être déclenché une fois toutes les 1,5 s, et est annulé 0,1 s après que la compétence élémentaire inflige des DGT.", "Evènement"),
("Pluie florale", 4, "Epée", "Stats : 42 base ATQ, Maîtrise élémentaire \r Lorsqu'une attaque a touché, elle inflige l'état Ombrelle maudite à un des ennemis touchés pendant 10 s. Cet effet peut être déclenché une fois toutes les 15 s. Si l'ennemi affecté est éliminé pendant la durée de l'effet Ombrelle maudite, son TdR est immédiatement réinitialisé. Les DGT infligés par le personnage équipé de l'arme aux ennemis affectés par l'état Ombrelle maudite augmentent de 16 %.", "Evènement"),
("Taille de pierre", 4, "Epée", "Stats : 44 base ATQ, DGT physiques \r Les attaques normales et chargées augmentent l'ATQ et la DÉF de 4 % pendant 6 s. Cet effet peut être cumulé 4 fois au maximum, et peut être déclenché 1 fois toutes les 0,3 s.", "Craft / AR"),
("Piqûre de fer", 4, "Epée", "Stats : 42 base ATQ, maîtrise élémentaire \r Infliger des DGT élémentaires augmente tous les DGT de 6% pendant 6s. Cet effet peut être cumulé 2 fois, et peut être déclenché une fois toutes les 1s.", "Craft"),
("Lame kageuchi d'Amenoma", 4, "Epée","Stats : 41 base ATQ, ATQ% \r L'utilisation d'une compétence élémentaire accorde 1 graine d'héritage. Cet effet peut être déclenché une fois toutes les 5s. Chaque graine d'héritage dure 30s, et un maximum de 3 graines d'héritage peuvent être cumulées simultanément. Après avoir utilisé un déchaînement élémentaire, toutes les graines d'héritage sont consommées et après 2s, le personnage récupère 6 pts d'énergie élémentaire pour chaque graine consommée.", "Craft"),
("Lame d'aubier", 4, "Epée","Stats : 44 base ATQ, Recharge d'énergie \r Après avoir déclenché une réaction de Brûlure, de Stimulation, de Suractivation, de Propagation, de Fleurissement, d'Exubérance ou de Bourgeonnement, une feuille de conscience est générée autour du personnage pendant un maximum de 10 s. Une fois collectée, la feuille augmente la maîtrise élémentaire du personnage de 60 pts pendant 12 s. Une feuille de conscience peut être créée de cette manière une fois toutes les 20 s. L'effet peut être déclenché même lorsque le personnage fait partie de l'équipe mais n'est pas déployé. L'effet de la feuille de conscience ne se cumule pas.", "Craft"),
("Final des profondeurs", 4, "Epée","Stats : 44 base ATQ, ATQ% \r Libérer une compétence élémentaire augmente l'ATQ de 12% pendant 15 s et accorde un engagement vital d'une valeur équivalant à 25 % des PV max, cet effet pouvant être déclenché une fois toutes les 10 s. Lorsque l'engagement vital disparaît, l'ATQ augmente pendant 15 s d'une valeur équivalant à 2,4 % de la valeur de l'engagement dissipé, l'ATQ pouvant être augmentée d'un maximum de 150 pts de cette manière. Engagement vital : absorbe les soins reçus par le personnage selon la valeur de base et disparaît après l'absorption de soins égaux à cette valeur.", "Craft"),
("Flûte d'ezpitzal", 4, "Epée", "Stats : 41 base ATQ, DEF% \r Augmente la DÉF de 16 % pendant 15 s après l'utilisation d'une compétence élémentaire.", "Craft"),
("Epée noire", 4, "Epée", "Stats : 42 base ATQ, Taux CRIT \r Augmente les DGT infligés par les attaques normales et chargées de 20% et restaure de plus 60% de l'ATQ en PV en cas de coup CRIT. Cet effet peut être déclenché tous les 5s.", "Battle Pass"),
("Croc de loup", 4, "Epée", "Stats : 42 base ATQ, Taux CRIT \r Les DGT infligés par les compétences et déchaînements élémentaires augmentent de 16 %. Lorsqu'une compétence élémentaire touche un ennemi, son taux CRIT augmente de 2 %. Lorsqu'un déchaînement élémentaire touche un ennemi, son taux CRIT augmente de 2 %. Chacun de ces deux effets dure 10s, et peut être cumulé 4 fois maximum et déclenché une fois toutes les 0,1 s.", "Battle Pass"),
("Epée longue royale", 4, "Epée", "Stats : 42 base ATQ, ATQ% \r Augmente le taux CRIT de 8% à chaque coup porté à l'ennemi. Cet effet peut être cumulé 5 fois au maximun, et est réinitialisé à chaque coup CRIT.", "Astéries"),
("Epée longue de Rochenoire", 4, "Epée","Stats : 44 base ATQ, DGT CRIT \r L'ATQ augmente de 12% pendant 30s après avoir vaincu un ennemi. Cet effet peut être cumulé 3 fois, et la durée de chaque cumul peut varier.", "Astéries"),
("Epée Céleste", 3, "Epée","Stats : 38 base ATQ, Recharge d'énergie \r Augmente l'ATQ et la VIT de déplacement de 12% pendant 15s après un déchainement élémentaire", "Voeux drop"),
("Messager de l'Aube", 3, "Epée","Stats : 39 base ATQ, DGT CRIT \r Augmente le taux de CRIT de 14% quand les PV sont supérieurs à 90%.", "Voeux drop"),
("Lame froide", 3, "Epée","Stats : 39 base ATQ, ATQ% \r Augmente les DGT infligés aux ennemis affectés par les éléments Hydro ou Cryo de 12%.", "Voeux drop"),
("Epée du voyageur", 3,"Epée", "Stats : 39 base ATQ, DEF% \r Chaque orbe ou particule élémentaire récupéré restaure 1% des PV.", "Voeux drop"),
("Couteau à filets", 3, "Epée","Stats : 39 base ATQ, ATQ% \r Les attaques normales et chargées ont 50% de chance d'infliger 240% de DGT d'ATQ supplémentaire à une cible. Cet effet peut être déclenché une fois toutes les 15s.", "Voeux drop"),
("Epée en fer noir", 3,"Epée", "Stats : 39 base ATQ, Maîtrise élémentaire \r Augmente l'ATQ de 20% pendant 12s après avoir déclenché Surcharge, Supraconduction, Electrocution ou Dispersion Electro", "Don PNJ"),
("Epée en argent", 2,"Epée", "Stats : 33 base ATQ", "Craft Drop"),
("Epée émousséeé", 1, "Epée","Stats : 23 base ATQ", "Craft Drop"),
("Fierté de la Voûte d'Azur", 5, "Claymore", "Stats : 48 base, ATQ, Recharge d'énergie \r Augmente tous les DGT de 8%. Après avoir utilisé un déchaînement élémentaire, les attaques créent une lame de vide qui inflige 80% de DGT physique aux ennemis sur sa route. Dure 20s ou 8 lames de vide.", "Voeux permanents"),
("Mort-du-loup", 5, "Claymore", "Stats : 46 base, ATQ, ATQ% \r Augmente l'ATQ de 20%. Les attaques touchant les ennemis ayant moins de 30% de PV augmentent l'ATQ de tous les membres de l'équipe de 40% pendant 12s. Cet effet peut être déclenché une fois toutes les 30s.", "Voeux permanents"),
("Lame brute", 5, "Claymore", "Stats : 46 base ATQ, ATQ% \r Augmente la force du bouclier de 20%. Toucher un ennemi augmente l'ATQ de 4% pendant 8 s. Cet effet peut être cumulé 5 fois au maximum et peut être déclenché une fois toutes les 0,3 s. Lorsque vous êtes protégé par un bouclier, l'ATQ de cet effet augmente de 100%.", "Voeux temporaires"),
("Ode au chant du vent", 5, "Claymore", "Stats : 49 base, ATQ, DGT physiques \r Partie du « Concert du millénaire ». Augmente l'ATQ de 16 %, et lorsque les attaques normales ou chargées touchent un ennemi, le personnage obtient un charme des murmures, à raison d'un charme toutes les 0,3 s max. Une fois 4 charmes obtenus, ils sont consommés et tous les personnages de l'équipe à proximité bénéficient de l'effet « Concert du millénaire - Hymne du drapeau » pendant 12 s, ce qui augmente la VIT des attaques normales de 12 %, et l'ATQ de 20 %. Il n'est plus possible d'obtenir de charmes des murmures pendant 20 s après avoir déclenché cet effet. Parmi les nombreux effets du « Concert du millénaire », les améliorations du même type ne se cumulent pas.", "Voeux temporaires"),
("Brise-pierre de corne rouge", 5,"Claymore",  "Stats : 44 base ATQ, DGT Crit \r Augmente la DÉF de 28 %, et augmente les DGT des attaques normales et chargées d'une valeur équivalant à 40 % de la DÉF.", "Voeux temporaires"),
("Balise de la mer de roseaux", 5, "Claymore", "Stats : 46 base ATQ, Taux CRIT \r Lorsqu'une compétence élémentaire a touché un ennemi, l'ATQ augmente de 20 % pendant 8 s. Après avoir subi des DGT, l'ATQ augmente de 20 % pendant 8 s. Les 2 effets susmentionnés peuvent être déclenchés même lorsque le personnage fait partie de l'équipe mais n'est pas déployé. De plus, lorsqu'il n'est pas protégé par un bouclier, les PV max du personnage augmentent de 32 %.", "Voeux temporaires"),
("Condamneur", 5, "Claymore", "Stats : 48 base ATQ, Taux CRIT \r Augmente l'ATQ de 20 %. Lorsqu'un personnage de l'équipe obtient un fragment généré par une réaction de Cristallisation, le personnage équipé de l'arme gagne 1 sceau pendant 15 s, ce qui augmente les DGT de ses compétences élémentaires de 18 %. Un maximum de 2 sceaux peut être obtenu en même temps, tous les sceaux disparaissant 0,2 s après que le personnage équipé de l'arme inflige des DGT avec une compétence élémentaire.", "Voeux temporaires"),
("Croc du roi de la montagne", 5, "Claymore", "Stats : 49 base ATQ Taux CRIT \r Toucher un ennemi avec une compétence élémentaire accorde un cumul de faveur canopéenne, cet effet pouvant être déclenché une fois toutes les 0,5 s ; de plus, le personnage équipé de l'arme obtient 3 cumuls de faveur canopéenne lorsqu'un membre de l'équipe à proximité a déclenché une réaction de Brûlure ou de Bourgeonnement, cet effet pouvant être déclenché une fois toutes les 2 s, même lorsque le personnage fait partie de l'équipe mais n'est pas déployé. Faveur canopéenne : augmente les DGT des compétences et déchaînements élémentaires de 10 % pendant 6 s ; cet effet peut être cumulé 6 fois maximum, la durée de chaque cumul étant calculée de façon indépendante.", "Voeux temporaires"),
("Espadon prototype", 4, "Claymore", "Stats : 44 base ATQ, ATQ% \r Les attaques ont 50% de chance d'infliger des DGT équivalant à 240% de l'ATQ aux ennemis dans une petite zone. Cet effet peut être déclenché une fois toutes les 15s.", "Craft"),
("Espadon de Favonius", 4, "Claymore", "Stats : 41 base ATQ, Recharge d'énergie \r Les coups CRIT des attaques ont 60% de chance de générer une faible quantité de particules élémentaire qui restaurent 6pts d'énergie. Cet effet peut être déclenché une fois toutes les 12s.", "Voeux permanents"),
("Ossature du dragon", 4, "Claymore", "Stats : 42 base ATQ, Taux CRIT \r Les DGT infligés augmentent de 6% et les DGT reçus de 3% toutes les 4s tant que le personnage est en combat ; cet effet peut être cumulé 5 fois maximum. Il ne se réinitialise pas si le personnage quitte le combat, mais s'arrête si le personnage subit des DGT.","Battle Pass"),
("Fluorescence", 4, "Claymore", "Stats : 42 base ATQ, Maîtrise élémentaire \r Augmente les DGT infligés aux ennemis affectés par Hydro ou Électro de 20%.", "Voeux permaents"),
("Trancheuse de Rochenoire", 4, "Claymore", "Stats : 42 base ATQ, DGT CRIT \r Augmente l'ATQ de 12% pendant 30s après avoir vaincu un ennemi. Cet effet peut être cumulé 3 fois et la durée de chaque cumul peut varier.", "Astéries"),
("Epée-horloge", 4, "Claymore", "Stats : 42 base ATQ PV% \r Subir des DGT génère un bouclier qui absorbe jusqu'a 20% des PV max pendant 10s. Peut être déclenché une fois toutes les 45s. Lorsque le personnage est sous la protection du bouclier, les DGT infligés augmentent de 12%.","Voeux permanents"),
("Espadon royal", 4, "Claymore", "Stats : 44 base ATQ, ATQ% \r Augmente le taux CRIT de 8% à chaque coup porté à l'ennemi. Cet effet peut être cumulé 5 fois au maximun, et est réinitialisé à chaque coup CRIT.","Astéries"),
("Ombre immaculée", 4, "Claymore", "Stats : 42 base ATQ, DEF% \r Les attaques augmentent l'ATQ et la DÉF de base de 6% pendant 6s. Cet effet peut être cumulé 4 fois, et peut être déclenché une fois toutes les 0,5s.","Craft"),
("Espadon rituel", 4, "Claymore", "Stats : 44 base ATQ, Recharge d'énergie \r Les compétences élémentaires ont 40% de chance de réinitialiser leur propre TdR lorsqu'elle infligent des DGT. Cet effet peut être déclenché une fois toutes les 30s.","Voeux permanents"),
("Tombe-neige en argétoile", 4,"Claymore",  "Stats : 44 base ATQ, DEF, DGT physique \r Les attaques normales et chargées ont 60% de chance lorsqu'elles touchent de générer une stalactite de glace qui inflige des DGT de zone équivalent à 80% de l'ATQ. Si l'ennemi est affecté par l'effet cryo, la stalactite inflige alors 200% de l'ATQ. Cet effet se déclenche une fois toutes les 10 secondes.","Craft"),
("Epée antique des Millelithes", 4, "Claymore", "Stats : 42 base ATQ, ATQ% \r Pour chaque personnage du groupe qui est originaire de Liyue, le personnage qui équipe cette arme gagne 7% d'ATQ et 3% de taux CRIT. Peut se cumuler 4 fois.","Voeux temporaire"),
("Espadon de Nagamasa", 4, "Claymore", "Stats : 42 base ATQ, Recharge temporaire \r Augmente les DGT infligés par les compétences élémentaires de 6%. Lorsqu'une compétence élémentaire touche un ennemi, le personnage perd 3 pts d'énergie élémentaire, mais récupère 3 pts d'énergie toutes les 2s pendant 6s. Cet effet peut être déclenché une fois toutes les 10s, même si le personnage fait partie de l'équipe mais n'est pas déployé.","Craft"),
("Akuomaru", 4, "Claymore", "Stats : 42 base ATQ, ATQ% \r Pour chaque point de l'énergie élémentaire combinée de l'ensemble de l'équipe, les DGT du déchaînement élémentaire du personnage équipé de cette arme augmentent de 0,12 %. Les DGT du déchaînement élémentaire peuvent être augmentés jusqu'à 40 % de cette manière.","Voeux temporaires"),
("Illustre seigneur des mers", 4, "Claymore", "Stats : 41 base, ATQ, ATQ% \r Augmente les DGT des déchaînements élémentaires de 12%. Lorsqu'un déchaînement élémentaire touche un ennemi, il y a 100% de chances d'invoquer un thon géant qui charge et inflige des DGT de zone équivalant à 100% de l'ATQ. Cet effet peut être déclenché une fois toutes les 15s.","Event"),
("Apparat de la forêt", 4, "Claymore", "Stats : 44 base ATQ, Recharge d'énergie \r Après avoir déclenché une réaction de Brûlure, de Stimulation, de Suractivation, de Propagation, de Fleurissement, d'Exubérance ou de Bourgeonnement, une feuille de conscience est générée autour du personnage pendant un maximum de 10 s. Une fois collectée, la feuille augmente la maîtrise élémentaire du personnage de 60 pts pendant 12 s. Une feuille de conscience peut être créée de cette manière une fois toutes les 20 s. L'effet peut être déclenché même lorsque le personnage fait partie de l'équipe mais n'est pas déployé. L'effet de la feuille de conscience ne se cumule pas.","Craft"),
("Algue-marine de Makhaira", 4, "Claymore", "Stats : 42 base ATQ, Maîtrise élémentaire \r L'effet suivant se déclenche toutes les 10 s : l'ATQ du personnage équipé de l'arme augmente d'une valeur équivalant à 24 % de sa maîtrise élémentaire pendant 12 s, alors que les autres personnages de l'équipe à proximité obtiennent 30 % de ce bonus. Plusieurs armes du même nom peuvent permettre à ce bonus de se cumuler. L'effet peut être déclenché même lorsque le personnage fait partie de l'équipe mais n'est pas déployé.","Voeux temporaire"),
("Fleur de mailles", 4, "Claymore", "Stats : 44 base ATQ, Maîtrise élémentaire \r Toucher un ennemi avec une compétence élémentaire ou déclencher une réaction élémentaire augmente pendant 8 s l'ATQ de 12 % et la maîtrise élémentaire de 48 pts.","Event"),
("Ombre tidale", 4, "Claymore", "Stats : 42 base ATQ, ATQ% \r Lorsque le personnage a reçu des soins, son ATQ augmente de 24 % pendant 8 s. L'effet peut être déclenché même lorsque le personnage fait partie de l'équipe mais n'est pas déployé.","Craft"),
("Bâton bavard", 4, "Claymore", "Stats : 44 base ATQ, Taux CRIT \r L'ATQ augmente de 16 % pendant 15 s après avoir été affecté par l'élément Pyro, cet effet pouvant être déclenché une fois toutes les 12 s. Le bonus de DGT élémentaires augmente de 12 % pendant 15 s après avoir été affecté par l'élément Hydro, Cryo, Électro ou Dendro, cet effet pouvant être déclenché une fois toutes les 12 s.","Battle Pass"),
("Scie électrique portative", 4, "Claymore", "Stats : 41 base ATQ, PV% \r Lorsque le personnage reçoit ou effectue des soins, il obtient une marque stoïque pendant 30 s, un maximum de 3 marques stoïques pouvant être obtenu. Utiliser une compétence ou un déchaînement élémentaires consomme toutes les marques stoïques et accorde un effet de surrection pendant 10 s : chaque marque stoïque consommée augmente la maîtrise élémentaire de 40 pts puis, 2 s après le début de l'effet, restaure l'énergie élémentaire du personnage équipé de l'arme de 2 pts. Un effet de surrection peut être déclenché une fois toutes les 15 s, et des marques stoïques peuvent être obtenues même lorsque le personnage fait partie de l'équipe mais n'est pas déployé.","Voeux temporaires"),
("« Méga épée magique du suzerain ultime »", 4, "Claymore", "Stats : 44 base ATQ, Recharge d'énergie \r Augmente l'ATQ de 12 %. Mais ce n'est pas tout : le soutien des mélusines vous remplit de force ! Votre ATQ augmente donc d'un maximum de 12 % supplémentaires selon la quantité de mélusines que vous avez aidées au Village Mérusea.","Event"),
("Trembleur de terre", 4, "Claymore", "Stats : 44 base ATQ, ATQ% \r Lorsqu'un personnage de l'équipe a déclenché une réaction liée à l'élément Pyro, les DGT infligés par la compétence élémentaire du personnage équipé de l'arme augmentent de 16 % pendant 8 s. Cet effet peut être déclenché même lorsque le personnage fait partie de l'équipe mais n'est pas déployé.","Craft"),
("Grande épée en fer blanc", 3, "Claymore", "Stats : 39 base ATQ, DEF% \r Restaure 8% des PV après la défaite d'un ennemi.","Voeux drop"), 
("Epée de la raison", 3, "Claymore", "Stats : 39 base ATQ, ATQ% \r Les attaques normales et chargées infligent 60% de DGT d'ATQ supplémentaires dans une zone restreinte après l'utilisation d'une compétence élémentaire lorsqu'elles touchent. Cet effet dure 15s, et peut être déclenché une fois toutes les 3s.","Voeux drop"),
("Epée sanglante", 3, "Claymore", "Stats : 38 base ATQ, Maîtrise élémentaire \r Augmente les DGT infligés aux ennemis affectés par les éléments Pyro et Électro de 12%.","Voeux drop"),
("Grande épée céleste", 3, "Claymore", "Stats : 39 base ATQ, DGT Physique \r Les attaques normales et chargées augmentent l'ATQ de 6 % pendant 6 s lorsqu'elles touchent. Cet effet peut être cumulé 4 fois au maximum, et peut être déclenché une fois toutes les 0,5 s.","Voeux drop"),
("Ombre ferreuse", 3, "Claymore", "Stats : 39 base ATQ, PV% \r Les attaques chargées sont plus difficiles à interrompre si les PV sont inférieurs à 70 %, et les DGT infligés par les attaques chargées augmentent de 30 %.","Voeux drop"),
("Lame du mercenaire", 2, "Claymore", "Stats : 33 base ATQ","Craft drop"),
("Epée d'entrainement", 1, "Claymore", "Stats : 23 base ATQ","Craft drop"),
("Arc d'Amos", 5, "Arc", "Stats : 46 base ATQ, ATQ% \r Augmente les DGT infligés par les attaques normales et les attaques chargées de 12%. Les DGT augmentent de 8% toutes les 0.1s après avoir tiré une flèche d'attaque normale ou chargée. Cet effet est cumulable 5 fois maximum.", "Voeux permanents"),
("Ailes de la Voûte d'Azur", 5, "Arc", "Stats : 48 base ATQ, , Taux CRIT \r Augmente les DGT CRIT de 20%. Toucher un ennemi a 60% de chance d'infliger des DGT physiques équivalant à 125% de l'ATQ dans une zone restreinte. Cet effet peut être déclenché une fois toutes les 4s.", "Voeux permanents"),
("Ultime Soupir", 5, "Arc", "Stats : 46 base ATQ, Recharge d'énergie \r Augmente la maîtrise élémentaire de 60 pts. Donne un Talisman de réminiscence en touchant un ennemi avec la compétence ou l'ultime (toutes les 0.2 sec max). Une fois les 4 talismans déployés, ils sont consommés et donnent à tous les perso de l'équipe l'effet Concert du millenaire. Cet effet donne pendant 12s +100 maîtrise élémentaire et +20% ATQ. Ne se cumule pas, il n'est plus possible de gagner des talismans pendant 20s après l'activation de cet effet.", "Voeux temporaires"),
("Pulsation du tonnerre", 5, "Arc", "Stats : 46 base ATQ, DGT CRIT \r Augmente l'ATQ de 20%, et confère la puissance du sceau du tonnerre. 1/2/3 charges de sceau du tonnerre augmentent respectivement les DGT des attaques normales de 12/24/40 %. Le personnage peut obtenir 1 charge de sceau du tonnerre dans chacune des situations suivantes : si son attaque normale inflige des DGT, il obtient une charge de 5 s ; s'il utilise sa compétence élémentaire, il obtient une charge de 10 s ; si son énergie élémentaire est inférieure à 100 %, il obtient une charge qui disparaît lorsque l'énergie redevient pleine. La durée de chaque charge est calculée indépendamment.", "Voeux temporaires"),
("Etoile polaire", 5, "Arc", "Stats : 46 base ATQ, Taux CRIT \r Les DGT de la compétence et du déchaînement élémentaires augmentent de 12 %. Lorsqu'une attaque normale ou chargée, une compétence ou un déchaînement élémentaire touche un ennemi, vous bénéficiez d'un cumul d'étoile cendrée pendant 12 s. Avec 1/2/3/4 cumul(s) d'étoile cendrée, l'ATQ augmente de 10/20/30/48 %. Les cumuls d'étoile cendrée obtenus grâce aux différents types d'attaques sont comptabilisés indépendamment les uns des autres.", "Voeux temporaires"),
("Simulacre d'eau", 5, "Arc", "Stats : 44 base ATQ, DGT CRIT \r Les PV sont augmentés de 16 %. Si des ennemis sont proches, les DGT infligés par le personnage équipé de l'arme augmentent de 20 %, qu'il soit déployé ou non.", "Voeux temporaires"),
("La voie du chasseur", 5, "Arc", "Stats : 44 base ATQ, Taux CRIT \r Accorde un bonus de DGT élémentaires de 12 %. Lorsqu'une attaque chargée a touché un ennemi, l'effet Chasse infatigable est accordé, augmentant les DGT d'attaque chargée d'une valeur équivalant à 160 % de la maîtrise élémentaire. Cet effet disparaît après 10 s ou après 12 attaques chargées. Cet effet peut être déclenché une fois toutes les 12 s.", "Voeux temporaires"),
("La première grande magie", 5, "Arc", "Stats : 46 base ATQ, DGT CRIT \r Les DGT infligés par les attaques chargées augmentent de 16 %. Chaque personnage de l'équipe dont le type élémentaire est le même que celui du personnage équipé de l'arme (y compris le personnage en question) accorde 1 cumul de l'effet Roublardise, tandis que chaque personnage de l'équipe dont le type élémentaire est différent accorde 1 cumul de l'effet Tragédien. Avec 1, 2 ou au minimum 3 cumuls de roublardise, l'ATQ augmente respectivement de 16 %, 32 % ou 48 %, tandis qu'avec 1, 2 ou au minimum 3 cumuls de tragédien, la VIT de déplacement augmente respectivement de 4 %, 7 % ou 10 %.", "Voeux temporaires"),
("Corde de pluie blanche", 5, "Arc", "Stats : Stats : 44 base ATQ, PV \r Le personnage équipé de l'arme obtient l'effet Traitement. Avec 1/2/3 cumuls de traitement, ses PV max augmentent respectivement de 12%/24%/40%. Le personnage équipé de l'arme peut obtenir un cumul de traitement des façons suivantes : utiliser une compétence élémentaire accorde un cumul de 25 s ; augmenter la valeur d'un engagement vital accorde un cumul de 25 s ; et effectuer des soins accorde un cumul de 20 s. Cet effet peut être déclenché même si le personnage fait partie de l'équipe mais n'est pas déployé, et la durée de chaque cumul de traitement est calculée indépendamment. De plus, posséder 3 cumuls de traitement augmente le taux CRIT des déchaînements élémentaires de 28%, cet effet prenant fin 4 s après que le nombre de cumuls tombe en dessous de 3.", "Voeux temporaires"),
("Arc de chasse de Favonius", 4, "Arc", "Stats : 41 base ATQ, Recharge d'énergie \r Les coups CRIT ont 60% de chance de générer un orbe élémentaire qui restaure 6pts d'énergie. Cet effet peut être déclenché une fois toutes les 12s.", "Voeux permanents"),
("Lune paisible", 4, "Arc", "Stats : 42 base ATQ, ATQ% \r Les attaques chargées touchant les points faibles augmentent la VIT de déplacement de 10% et l'ATQ de 36% pendant 10s.", "Craft"),
("Arc à poulies", 4, "Arc", "Stats : 41 base ATQ, DGT physiques \r Les attaques augmentent l'ATQ de 4% et la VIT d'attaque de 1,2% pendant 6s. Cet effet peut être cumulé 4 fois, et peut être déclenché une fois toutes les 0,3s.", "Craft"),
("Arc rituel", 4, "Arc", "Stats : 44 base ATQ, Recharge d'énergie \r Infliger des dégâts avec une compétence élémentaire a 40% de chance de réinitialiser le TdR. Cet effet peut être déclenché une fois toutes les 30s.", "Voeux permanents"),
("Arc rouillé", 4, "Arc", "Stats : 42 base ATQ, ATQ% \r Augmente les DGT des attaques de 40% mais réduit les DGT du tir visés de 10%.", "Voeux permanents"),
("Arc de guerre de Rochenoire", 4, "Arc", "Stats : 44 base ATQ, DGT CRIT \r L'ATQ augmente de 12% pendant 30s après avoir vaincu un ennemi. Cet effet peut être cumulé 3 fois, et la durée de chaque cumul peut varier.", "Astéries"),
("Arc royal", 4, "Arc", "Stats : 42 base ATQ, ATQ% \r Augmente le taux CRIT de 8% à chaque coup porté à l'ennemi. Cet effet peut être cumulé 5 fois au maximun, et est réinitialisé à chaque coup CRIT.", "Astéries"),
("Arc de chasse verdoyant", 4, "Arc", "Stats : 42 base ATQ, Taux CRIT \r Lorsque vous infligez des dégâts avec des attaques normales ou chargées, vous avez 50% de chance de générer un Anémoculus qui inflige des dégâts à hauteur de 40% de l'ATQ aux ennemis qu'il attire toutes les 0,5s pendant 4s. Cet effet peut être déclenché une fois toutes les 14s.", "Battle Pass"),
("Dernière corde", 4, "Arc", "Stats : 42 base ATQ, Maîtrise élémentaire \r Augmente les DGT infligés par les compétences élémentaires et les déchainements élémentaires de 24%.", "Voeux permanents"),
("Ode aux alizées", 4, "Arc", "Stats : 42 base ATQ, Maîtrise élémentaire \r Libérer une compétence élémentaire confère la faveur des alizées. L'ATQ augmente de 16% pendant 6s.", "Event"),
("Traqueur des impasses", 4, "Arc", "Stats : 44 base ATQ, ATQ% \r Lorsque le personnage équipe de cette arme fait partie de l'équipe mais n'est pas déployé, ses DGT augmentent de 2% toutes les 1s, jusqu'à 20% max. 4s après le déploiement du personnage, l'effet diminue de 4% toutes les 1s jusqu'à atteindre 0%.", "Voeux temporaires"),
("Arc d'exorcisme", 4, "Arc", "Stats : 41 base ATQ, ATQ% \r Lorsque vous touchez des ennemis avec des attaques normales, les DGT infligés par les compétences élémentaires sont augmentés de 20% pendant 5s. Lorsque vous touchez des ennemis avec des compétences élémentaires, les DGT infligés par les attaques normales sont augmentés de 20% pendant 5s.", "Craft"),
("Valse nocturne", 4, "Arc", "Stats : 42 base ATQ, DGT physiques \r Lorsque vous touchez des ennemis avec des attaques normales, les DGT infligés par les compétences élémentaires sont augmentés de 20% pendant 5s. Lorsque vous touchez des ennemis avec des compétences élémentaires, les DGT infligés par les attaques normales sont augmentés de 20% pendant 5s.", "Voeux temporaires"),
("Lune de Mouun", 4, "Arc", "Stats : 44 base ATQ, ATQ% \r Pour chaque point de l'énergie élémentaire combinée de l'ensemble de l'équipe, les DGT du déchaînement élémentaire du personnage équipé de cette arme augmentent de 0,12 %. Les DGT du déchaînement élémentaire peuvent être augmentés jusqu'à 40 % de cette manière.", "Voeux temporaires"),
("Predator", 4, "Arc", "Stats : 42 base ATQ, ATQ% \r Frappe puissante \r Pour les joueurs sur PlayStation Network uniquement. \r Après avoir infligé des DGT Cryo aux ennemis, les DGT infligés par les attaques normales et chargées augmentent de 10% pendant 6s. Cet effet peut être cumulé 2 fois maximum. De plus, lorsqu'Aloy équipe Predator, son ATQ augmente de 66pts.", "Exclu PS4"),
("Crépuscule couchant", 4, "Arc", "Stats : 44 base ATQ, Recharge d'énergie \r Cette arme possède trois états (crépuscule, rémanence et aube) qui augmentent respectivement les DGT infligés de 6 %/10 %/14 %. Lorsqu'une attaque a touché un ennemi, l'arme passe à l'état suivant. Un changement d'état peut être déclenché une fois toutes les 7 s, même si le personnage équipé de l'arme fait partie de l'équipe mais n'est pas déployé.", "Event"),
("Le valet du roi", 4, "Arc", "Stats : 41 base ATQ, ATQ% \r Accorde l'effet Enseignements de la forêt lors de l'utilisation d'une compétence ou d'un déchaînement élémentaire, augmentant la maîtrise élémentaire de 60 pts pendant 12 s. Cet effet est annulé lors du changement de personnage. Lorsque l'effet Enseignements de la forêt prend fin ou est annulé, il inflige des DGT équivalant à 100 % de l'ATQ à un ennemi proche. L'effet Enseignements de la forêt peut être déclenché une fois toutes les 20 s.", "Craft"),
("Chalutier", 4, "Arc", "Stats : 42 base ATQ, Recharge d'énergie \r Accorde l'effet Dérive après l'utilisation d'une compétence élémentaire, permettant d'infliger des DGT de zone équivalant à 80 % de l'ATQ en touchant un ennemi. Cet effet disparaît après 15 s ou après avoir infligé des DGT de zone 3 fois. Des DGT de zone peuvent être infligés toutes les 2 s maximum de cette manière, et l'effet Dérive peut être déclenché une fois toutes les 12 s.", "Récompense pêche"),
("Perceur d'ibis", 4, "Arc", "Stats : 44 base ATQ, ATQ% \r Lorsqu'une attaque chargée a touché un ennemi, la maîtrise élémentaire du personnage augmente de 40 pts pendant 6 s. Cet effet peut être cumulé 2 fois maximum et déclenché une fois toutes les 0,5 s.", "Event"),
("Chant de quiétude", 4, "Arc", "Stats : 42 base ATQ, ATQ% \r Lorsque le personnage a reçu des soins, les DGT qu'il inflige augmentent de 16 % pendant 8 s. L'effet peut être déclenché même lorsque le personnage fait partie de l'équipe mais n'est pas déployé.", "Craft"),
("Descendant du soleil flamboyant", 4, "Arc", "Stats : 44 base ATQ, Taux CRIT \r Lorsqu'une attaque chargée a touché un ennemi, une flèche solaire tombe sur ce dernier pour infliger des DGT équivalant à 60 % de l'ATQ et appliquer pendant 10 s l'effet Brûle-cœur à l'ennemi ayant subi ses DGT. Les DGT infligés par les attaques chargées du personnage équipé de l'arme aux ennemis atteints de l'effet Brûle-cœur augmentent de 28 %. Une flèche solaire peut être déclenchée une fois toutes les 10 s.", "Battle Pass"),
("Jauge de portée", 4, "Arc", "Stats : 44 base ATQ, ATQ% \r Lorsque le personnage reçoit ou effectue des soins, il obtient une marque solidaire pendant 30 s, un maximum de 3 marques solidaires pouvant être obtenu. Utiliser une compétence ou un déchaînement élémentaires consomme toutes les marques solidaires et accorde un effet de baroud pendant 10 s : chaque marque solidaire consommée augmente l'ATQ de 3 % et le bonus de DGT élémentaires de 7 %. Un effet de baroud peut être déclenché une fois toutes les 15 s, et des marques solidaires peuvent être obtenues même lorsque le personnage fait partie de l'équipe mais n'est pas déployé.", "Voeux temporaires"),
("Nimbus-forgé", 4, "Arc", "Stats : 42 base ATQ, Maîtrise élémentaire \r La maîtrise élémentaire du personnage équipé de l'arme augmente de 40 pts pendant 18 s lorsque son énergie élémentaire a diminué. Cet effet peut être cumulé 2 fois maximum.", "Event"),
("Brise-chaîne", 4, "Arc", "Stats : 44 base ATQ, ATQ% \r Chaque personnage dans l'équipe de Natlan ou ayant un type élémentaire différent de celui du personnage équipé de l'arme augmente l'ATQ de ce dernier de 4,8 %. Lorsque le nombre de ces personnages est supérieur ou égal à 3, la maîtrise élémentaire du personnage équipé de l'arme augmente de 24 pts.", "Craft"),
("Messager", 3, "Arc", "Stats : 40 base ATQ, DGT CRIT \r Les attaques chargées touchant les points faibles infligent un bonus de DGT CRIT équivalant à 100% de l'ATQ. Cet effet peut être déclenché une fois toutes les 10 s.", "Voeux drop"),
("Lance-pierres", 3, "Arc", "Stats : 38 base ATQ, Taux CRIT \r Les DGT infligés par les flèches des attaques normales et chargées infligent 36% de DGT supplémentaires lorsqu'elles touchent dans les 0,3 s après le tir. Dans le cas contraire, elles infligent 10% de DGT en moins.", "Voeux drop"),
("Arc courbé", 3, "Arc", "Stats : 38 base ATQ, PV% \r Restaure 8% des PV après la défaite d'un ennemi.", "Voeux drop"),
("Serment de l'archer", 3, "Arc", "Stats : 39 base ATQ, DGT CRIT \r Augmente les DGT de 24% si les points faibles de l'ennemi sont visés.", "Voeux drop"),
("Arc du corbeau", 3, "Arc", "Stats : 40 base ATQ, Maîtrise élémentaire \r Augmente les DGT infligés aux ennemis affectés par les éléments Hydro ou Pyro de 12%", "Voeux drop"),
("Arc de chasse aguerri", 2, "Arc", "Stats : 33 base ATQ ", "Craft drop"),
("Arc de chasse", 1, "Arc", "Stats : 23 base ATQ ", "Craft drop"),
("L'origine des Quatre Vents",5, "Catalyseur", "Stats : 46 base ATQ, Taux CRIT  \r Augmente la VIT de déplacement de 10%. Confère un bonus de DGT élémentaires de 8% toutes les 4s tant que le personnage est en combat. Cet effet peut être cumulé 4 fois au maximum, et perdure jusqu'à ce que le personnage soit vaincu ou quitte le combat.","Voeux permanents"),
("Atlas de la Voûte d'Azur",5, "Catalyseur", "Stats : 48 base ATQ, ATQ% \r Augmente les DGT élémentaire de 12%. Les attaques normales ont 50% de chance de gagner les faveurs des nuages, qui cherchent activement les ennemis proches pour leur infliger des DGT équivalant à 160% de l'ATQ pendant 15s. Cet effet peut se produire une fois toutes les 30s.","Voeux permanents"),
("Chaînes mortelles",5, "Catalyseur", "Stats : 46 base ATQ, ATQ% \r Renforce le bouclier de 20%. Toucher un ennemi augmente l'ATQ de 4% pendant 8s. Cet effet peut etre cumulé 5 fois au maximum et peut être déclenché une fois toutes les 0.3s. Lorsque vous êtes protégé par bouclier, l'ATQ de cet effet augmente de 100%.","Voeux temporaires"),
("Lueur de la lune éternelle",5, "Catalyseur", "Stats : 46 base ATQ, PV% \r Augmente le bonus de soins de 10 %, et les DGT des attaques normales d'une valeur équivalant à 1 % des PV max du personnage équipé de l'arme. Pendant 12 s après l'utilisation d'un déchaînement élémentaire, les attaques normales qui touchent un ennemi restaurent 0,6 pts d'énergie élémentaire. L'énergie élémentaire peut être restaurée une fois toutes les 0,1 s de cette manière.","Voeux temporaires"),
("Vérité de Kagura",5, "Catalyseur", "Stats : 46 base ATQ, DGT CRIT \r Libérer une compétence élémentaire confère l'effet de Danse Kagura, permettant d'augmenter les DGT infligés par les compétences élémentaires du personnage équipé de l'arme de 12% pendant 16 s. Cet effet peut être cumulé 3 fois maximum. Avec 3 cumuls, le personnage obtient un bonus de DGT élémentaires de 12%.","Voeux temporaires"),
("Mille rêves flottants",5, "Catalyseur", "Stats : 44 base ATQ, Maîtrise élémentaire \r Les autres personnages de l'équipe fournissent au personnage équipé de l'arme des bonus selon leur type élémentaire. En cas de type élémentaire identique à celui du personnage équipé de l'arme, la maîtrise élémentaire de ce dernier augmente de 32 pts. En cas de type élémentaire différent, le bonus de DGT élémentaires du type élémentaire du personnage équipé de l'arme augmente de 10 %. Chacun des effets mentionnés ci-dessus peut être cumulé 3 fois maximum. De plus, la maîtrise élémentaire de tous les personnages de l'équipe autres que celui équipé de l'arme augmente de 40 pts. Plusieurs armes du même nom peuvent permettre à ce bonus de se cumuler.","Voeux temporaires"),
("Mémoire de Tulaytullah",5, "Catalyseur", "Stats : 48 base ATQ, DGT CRIT \r Augmente la VIT d'attaque normale de 10 %. Après avoir utilisé une compétence élémentaire, les DGT infligés par les attaques normales augmentent de 4,8 % toutes les secondes pendant 14 s. Après avoir touché un ennemi avec une attaque normale pendant cette durée, les DGT infligés par les attaques normales augmentent de 9,6 %, cet effet pouvant être déclenché une fois toutes les 0,3 s. Pendant cette durée, les DGT des attaques normales peuvent être augmentés d'un maximum de 48 % de ces manières. L'effet est annulé lorsque le personnage équipé de l'arme quitte le champ de bataille, et utiliser à nouveau la compétence élémentaire réinitialise tous les bonus de DGT.","Voeux temporaires"),
("Splendeur de l'azur",5, "Catalyseur", "Stats : 46 base ATQ, PV% \r Pendant 3 s après avoir utilisé un déchaînement élémentaire ou créé un bouclier, l'effet Tablette de jade primordial est accordé : restaure 4,5 pts d'énergie élémentaire toutes les 2,5 s et augmente le bonus de DGT de l'élément correspondant de 0,3 % pour chaque tranche de 1 000 PV max que le personnage équipé de l'arme possède, cette augmentation pouvant atteindre jusqu'à 12 %. L'effet Tablette de jade primordial peut être déclenché même lorsque le personnage fait partie de l'équipe mais n'est pas déployé.","Voeux temporaires"),
("Tome du flux éternel",5, "Catalyseur", "Stats : 44 base ATQ, DGT CRIT \r Les PV augmentent de 16 %. Lorsque les PV actuels augmentent ou diminuent, les DGT infligés par les attaques chargées augmentent de 14 % pendant 4 s, cet effet pouvant être cumulé 3 fois maximum et déclenché une fois toutes les 0,3 s. Avec 3 cumuls ou en actualisant la durée du 3e cumul, l'énergie élémentaire est restaurée de 8 pts, cet effet pouvant être déclenché une fois toutes les 12 s.","Voeux temporaires"),
("Supervision de trésorerie",5, "Catalyseur", "Stats : 48 base ATQ, Taux CRIT \r L'ATQ augmente de 16 %. Lorsque les PV actuels augmentent ou diminuent, les DGT infligés par les attaques normales augmentent de 16 % et ceux infligés par les attaques chargées augmentent de 14 %, pendant 4 s. Cet effet peut être cumulé 3 fois maximum et déclenché une fois toutes les 0,3 s. Avec 3 cumuls, la VIT d'attaque augmente de 8 %.","Voeux temporaires"),
("Écho de la grue",5, "Catalyseur", "Stats : 49 base ATQ, ATQ% \r Lorsque l'attaque plongeante du personnage équipé de l'arme a touché un ennemi, les DGT des attaques plongeantes de tous les personnages de l'équipe à proximité augmentent de 28 % pendant 20 s. Lorsque l'attaque plongeante d'un personnage de l'équipe à proximité touche un ennemi, le personnage équipé de l'arme récupère 2,5 pts d'énergie élémentaire. L'énergie peut être restaurée une fois toutes les 0,7 s de cette manière.","Voeux temporaires"),
("Instant surfant",5, "Catalyseur", "Stats : 41 base ATQ, DGT CRIT \r Augmente les PV max de 20 %. Toutes les 15 s, l'effet suivant se produit pendant 14 s après avoir utilisé une compétence élémentaire : accorde 4 cumuls d'été flamboyant, chaque cumul augmentant les DGT des attaques normales de 12 %. Une fois toutes les 1,5 s pendant cette durée, toucher un ennemi avec une attaque normale consomme un cumul. Une fois toutes les 1,5 s, déclencher une réaction d'Évaporation sur un ennemi rajoute un cumul. L'effet Été flamboyant peut être cumulé 4 fois maximum.","Voeux temporaires"),
("Amulette de Rochenoire", 4, "Catalyseur", "Stats : 42 base ATQ, DGT CRIT \r Vaincre un ennemi augmente les DGT du prochain déchaînement élémentaire de 12%. Dure 30s. Cet effet peut être cumulé 3 fois.","Astéries"),
("Atlas des terres et des mers", 4, "Catalyseur", "Stats : 44 base ATQ, Maîtrise élémentaire \r Déclencher une réaction élémentaire augmente les DGT élémentaires de 8% pendant 10s. Cet effet peut être cumulé 2 fois.","Craft"),
("Mémoires de rituels", 4, "Catalyseur", "Stats : 41 base ATQ, Maîtrise élémentaire \r Infliger des dégâts avec une compétence élémentaire a 40% de chance de réinitialiser le TdR. Cet effet peut être déclenché une fois toutes les 30s.","Voeux permanents"),
("Grimoire royal", 4, "Catalyseur", "Stats : 44 base ATQ, ATQ% \r Augmente le taux CRIT de 8% à chaque coup porté à l'ennemi. Cet effet peut être cumulé 5 fois au maximun, et est réinitialisé à chaque coup CRIT.","Astéries"),
("Malice", 4, "Catalyseur", "Stats : 42 base ATQ, PV% \r Utiliser un déchaînement élémentaire permet de récupérer 4 énergie toutes les 2s pendant 6s. Les allies récupèreront 4% des PV toutes les 2s pendant cette durée.","Craft"),
("Code de Favonius", 4, "Catalyseur", "Stats : 42 base ATQ, Recharge d'énergie \r Les coups CRIT ont 60% de chance de générer une particule élémentaire. Cet effet peut être déclenché une fois toutes les 12s.","Voeux temporaires"),
("Perle solaire", 4, "Catalyseur", "Stats : 42 base ATQ, Taux CRIT \r Les attaques normales augmentent pendant 6s les DGT des compétences et des déchainements élémentaires de 20% lorsqu'elles touchent. Les compétences et déchainements élémentaires augmentent pendant 6s les DGT des attaques normales de 20% lorsqu'elles touchent.","Battle Pass"),
("Mouvement vagabond", 4, "Catalyseur", "Stats : 42 base ATQ, DGT CRIT \r Quand un personnage entre dans le champ de bataille, une musique se déclence pendant 10s. Cet effet peut être déclenché une fois toutes les 30s. Recital : Augmente l'ATQ de 60%. Aria : Augmente les DGT élémentaires de 48%. Interlude : Augmente la maîtrise élémentaire de 240pts.","Voeux permanents"),
("Oeil de la perception", 4, "Catalyseur", "Stats : 41 base ATQ, ATQ% \r Les attaques normales et chargées ont 50% de chance lorsqu'elles touchent de tirer une balle illuminastrice d'esprit qui inflige des DGT équivalent à 240% de l'ATQ. La balle peut rebondir jusqu'a 4 fois maximun. Cet effet peut être déclenché une fois toutes les 12s.","Voeux permanents"),
("Fruit du permafrost", 4, "Catalyseur", "Stats : 42 base ATQ, ATQ% \r Les attaques normales et chargées ont 60% de chance lorsqu'elles touchent de générer une stalactite de glace qui inflige des DGT de zone équivalant à 80% de l'ATQ. Si l'ennemi est affecté par l'élément Cryo, la stalactite inflige alors 200% de l'ATQ. Cet effet se déclenche une fois toutes les 10s.","Craft"),
("Vins et chants", 4, "Catalyseur", "Stats : 44 base ATQ, Recharge d'énergie \r Lorsqu'une attaque normale touche un ennemi, la consommation d'endurance du sprint ou de l'aptitude qui le remplace est réduite de 14% pendant 5s. De plus, après l'utilisation du sprint ou de l'aptitude qui le remplace, l'ATQ augmente de 20% pendant 5s.","Voeux temporaires"),
("Anneau des Hakushin", 4, "Catalyseur", "Stats : 44 base ATQ, Recharge d'énergie \r Lorsqu'un personnage équipé de cette arme déclenche une réaction liée à l'élément Électro, tous les personnages de l'équipe à proximité dont l'élément est impliqué dans cette réaction élémentaire obtiennent un bonus de DGT de leur élément de 10% pendant 6s. Les bonus de DGT élémentaire obtenus de cette manière ne se cumulent pas.","Craft"),
("Contes de Dodoco", 4, "Catalyseur", "Stats : 41 base ATQ, ATQ% \r Lorsque vous touchez des ennemis avec des attaques normales, les DGT infligés par les attaques chargées sont augmentés de 16% pendant 6s. Lorsque vous touchez des ennemis avec des attaques chargées, l'ATQ est augmentée de 8% pendant 6s.","Event"),
("Oeil d'assermentation", 4, "Catalyseur", "Stats : 44 base ATQ, ATQ% \r Augmente la recharge d'énergie de 24% pendant 10 s après l'utilisation d'une compétence élémentaire.","Event"),
("Le fruit de l'accomplissement", 4, "Catalyseur", "Stats : 42 base ATQ, Recharge d'énergie \r Accorde l'effet Fluctuation après avoir déclenché une réaction élémentaire, augmentant la maîtrise élémentaire de 24 pts et diminuant l'ATQ de 5 %. Cet effet peut être cumulé 5 fois maximum et déclenché une fois toutes les 0,3 s. Un cumul sera déduit si aucune réaction élémentaire n'est déclenchée pendant 6 s. L'effet peut être déclenché même lorsque le personnage fait partie de l'équipe mais n'est pas déployé.","Craft"),
("Étoile du soir errante", 4, "Catalyseur", "Stats : 42 base ATQ, Maîtrise élémentaire \r L'effet suivant se déclenche toutes les 10 s : l'ATQ du personnage équipé de l'arme augmente d'une valeur équivalant à 24 % de sa maîtrise élémentaire pendant 12 s, alors que les autres personnages de l'équipe à proximité obtiennent 30 % de ce bonus. Plusieurs armes du même nom peuvent permettre à ce bonus de se cumuler. L'effet peut être déclenché même lorsque le personnage fait partie de l'équipe mais n'est pas déployé.","Voeux temporaires"),
("Pureté fluide", 4, "Catalyseur", "Stats : 44 base ATQ, ATQ% \r Libérer une compétence élémentaire augmente le bonus de DGT élémentaires de 8 % pendant 15 s et accorde un engagement vital d'une valeur équivalant à 24% des PV max. Cet effet peut être déclenché une fois toutes les 10 s. Lorsque l'engagement vital disparaît, chaque tranche de 1 000 pts de l'engagement accorde un bonus de DGT élémentaires de 2 % pendant 15 s, un maximum de 12 % pouvant être obtenu de cette manière. Engagement vital : absorbe les soins reçus par le personnage selon la valeur de base et disparaît après l'absorption de soins égaux à cette valeur.","Craft"),
("Jade sacrificiel", 4, "Catalyseur", "Stats : 41 base ATQ, Taux CRIT \r Après avoir fait partie de l'équipe sans être déployé pendant plus de 5 s, les PV max augmentent de 32 % et la maîtrise élémentaire de 40 pts. L'effet prend fin dès que le personnage équipé de l'arme est déployé et passe 10 s sur le terrain.","Battle Pass"),
("Ballade d'un azur infini", 4, "Catalyseur", "Stats : 44 base ATQ, Recharge d'énergie \r Toucher un ennemi avec une attaque normale ou chargée augmente les DGT infligés par les attaques normales de 8 % et ceux infligés par les attaques chargées de 6 %, pendant 6 s. Cet effet peut être cumulé 3 fois maximum et déclenché une fois toutes les 0,3 s.","Event"),
("Anneau de Yaxche", 4, "Catalyseur", "Stats : 42 base ATQ, PV% \r Utiliser une compétence élémentaire accorde l'effet Couronne de Jade : chaque tranche de 1 000 PV max augmente les DGT infligés par les attaques normales de 0,6 % pendant 10 s. Les DGT des attaques normales peuvent être augmentés d'un maximum de 16 % de cette manière.","Craft"),
("Corne à boire cendrée", 4, "Catalyseur", "Stats : 42 base ATQ, PV% \r Lorsqu'une attaque touche un ennemi, des DGT de zone d'une valeur équivalant à 40 % des PV max sont infligés à l'emplacement de la cible. Cet effet peut être déclenché une fois toutes les 15 s.","Event"),
("Néphrite jumelle", 3, "Catalyseur", "Stats : 40 base ATQ, Taux CRIT \r Augmente la vitesse de déplacement et l'ATQ de 12% pendant 15s après la défaite d'un ennemi.","Voeux drop"),
("Orbe Jadien", 3, "Catalyseur", "Stats : 39 base ATQ, Maîtrise élémentaire \r Augmente l'ATQ de 20% pendant 12s après avoir déclenché Surcharge, Supraconduction, Electrocution ou Dispersion Electro","Voeux drop"),
("Conte d'un autre monde", 3, "Catalyseur", "Stats : 39 base ATQ, Recharge d'énergie \r Chaque orbe élementaire ou particule d'energie obtenue restaure 1% des PV.","Voeux drop"),
("Histoire des chasseurs de dragon", 3, "Catalyseur", "Stats : 39 base ATQ, PV% \r Augmente l'ATQ de 24% pendant 10s après un changement de personnage. Cet effet peut être déclenché une fois toutes les 20s.","Voeux drop"),
("Guide de magie", 3, "Catalyseur", "Stats : 38 base ATQ, Maîtrise élémentaire \r Augmente les dégats infligés aux ennemis affectés par Hydro ou Electro de 12%.","Voeux drop"),
("Grimoire de poche", 2, "Catalyseur", "Stats : 33 base ATQ","Craft drop"),
("Notes de l'apprenti", 1, "Catalyseur", "Stats : 23 base ATQ","Craft drop"),
("Perceur Prismatique", 5, "Lance", "Stats : 46 base ATQ, ATQ% \r Renforce le bouclier de 20%. Toucher un ennemi augmente l'ATQ de 4% pendant 8s. Cet effet peut etre cumulé 5 fois au maximum et peut être déclenché une fois toutes les 0.3s. Lorsque vous êtes protégé par bouclier, l'ATQ de cet effet augmente de 100%.","Voeux temporaires"),
("Lance de jade ailée", 5, "Lance", "Stats : 48 base ATQ, Taux CRIT \r Les attaques augmentent l'ATQ de 3,2% pendant 6s. Cet effet peut être cumulé 7 fois, et peut être déclenché une fois toutes les 0,3s. Posséder le nombre de cumuls maximum augmente les DGT de compétence de 12%.","Voeux permanents"),
("Berge de la Voûte d'Azur", 5, "Lance", "Stats : 48 base ATQ, Recharge d'énergie \r Augmente le taux CRIT de 8% et la VIT de l'attaque normale de 12%. Les attaques normales et chargées ont 50% de chance de générer une lame de vide qui inflige des DGT équivalant à 40% de l'ATQ. Cet effet se déclenche une fois toutes les 2s.","Voeux permanents"),
("Bâton de Homa", 5, "Lance", "Stats : 46 base ATQ, DGT CRIT \r Les PV sont augmentés de 20 %. Le personnage équipé de l'arme obtient également un bonus d'ATQ équivalant à 0,8 % de ses PV max, et Lorsque ses PV sont inférieurs à 50 %, il obtient un bonus d'ATQ supplémentaire équivalant à 1 % de ses PV max.","Voeux temporaires"), 
("Lumière du faucheur", 5, "Lance", "Stats : 46 base ATQ, Recharge d'énergie \r Augmente l'ATQ d'une valeur équivalant à 28% de la part de recharge d'énergie supérieure à 100%. L'ATQ peut être augmentée de 80% max de cette manière. Après l'utilisation d'un déchaînement élémentaire, la recharge d'énergie augmente de 30% pendant 12s.","Voeux temporaires"),
("Étouffeur de calamités", 5, "Lance", "Stats : 49 base ATQ, ATQ% \r Accorde un bonus de DGT élémentaires de 12 %. Après l'utilisation d'une compétence élémentaire, accorde 20 s d'Achèvement, augmentant l'ATQ de 3,2 % toutes les secondes. Ce bonus d'ATQ peut être cumulé 6 fois. Lorsque le personnage équipé de cette arme fait partie de l'équipe mais n'est pas déployé, le bonus d'ATQ de l'Achèvement est doublé.","Voeux temporaires"),
("Bâton des sables écarlates", 5, "Lance", "Stats : 44 base ATQ, Taux CRIT \r Le personnage équipé de l'arme obtient un bonus d'ATQ équivalant à 52 % de sa maîtrise élémentaire. Lorsqu'une compétence élémentaire touche un ennemi, un effet de Rêve des sables rouges de 10 s est généré : le personnage équipé de l'arme obtient un bonus d'ATQ équivalant à 28 % de sa maîtrise élémentaire, cet effet pouvant être cumulé 3 fois maximum.","Voeux temporaires"),
("Semblance de la lune écarlate", 5, "Lance", "Stats : 48 base ATQ, Taux CRIT \r Toucher un ennemi avec une attaque chargée accorde un engagement vital d'une valeur équivalant à 25 % des PV max. Cet effet peut être déclenché une fois toutes les 14 s. De plus, lorsque le personnage équipé de l'arme est sous l'effet d'un engagement vital, les DGT qu'il inflige augmentent de 12 %. Si la valeur de son engagement vital est supérieure ou égale à 30 % de ses PV max, les DGT qu'il inflige augmentent de 24 % supplémentaires.","Voeux temporaires"),
("Élégie de Lumidouce", 5, "Lance", "Stats : 46 base ATQ, Taux CRIT \r Augmente l'ATQ de 15 %. Lorsque le personnage équipé de l'arme déclenche une réaction de Brûlure sur un ennemi ou inflige des DGT Dendro à un ennemi brûlé, les DGT infligés augmentent de 18 % pendant 8 s, cet effet pouvant être cumulé 2 fois maximum. En atteignant 2 cumuls ou lorsque la durée du 2e cumul est actualisée, 12 pts d'énergie élémentaires sont restaurés, l'énergie élémentaire pouvant être restaurée une fois toutes les 12 s de cette manière. Les 2 effets susmentionnés peuvent être déclenchés même lorsque le personnage fait partie de l'équipe mais n'est pas déployé.","Voeux temporaires"),
("Fléau du dragon", 4, "Lance", "Stats : 41 base ATQ, Maîtrise élémentaire \r Augmente les DGT infligés aux ennemis affectés par l'état Hydro ou Pyro de 20%.", "Voeux permanents"),
("Lance de Rochenoire", 4, "Lance", "Stats : 42 base ATQ, DGT CRIT \r Augmente l'ATQ de 12% pendant 30s après avoir vaincu un ennemi. Cet effet peut être cumulé 3 fois et la durée de chaque cumul peut varier.", "Astéries"),
("Pique du croissant de lune", 4, "Lance", "Stats : 44 base ATQ, DGT physiques \r Augmente les DGT des attaques de 20% de l'ATQ pendant 5s après avoir ramassé un orbe ou une particule élémentaire.", "Craft"),
("Scion de la victoire", 4, "Lance", "Stats : 41 base ATQ, Taux CRIT \r Augmente l'ATQ de 16% et la DÉF de 16% si 2 ennemis ou plus se trouvent à proximité ; augmente l'ATQ de 24% dans le cas contraire.", "Battle Pass"),
("Guisarme stellaire", 4, "Lance", "Stats : 42 base ATQ, Recharge d'énergie \r Augmente les DGT des attaques de 8% pendant 12s après avoir utilisé une compétence élémentaire. Cet effet peut être cumulé 2 fois.", "Craft"),
("Lance des millelithes", 4, "Lance", "Stats : 44 base ATQ, ATQ% \r Pour chaque personnage du groupe qui est originaire de Liyue, le personnage qui équipe cette arme gagne 7% d'ATQ et 3% de taux CRIT. Peut se cumuler 4 fois.", "Voeux temporaires"),
("Lance de Favonius", 4, "Lance", "Stats : 44 base ATQ, Recharge d'énergie \r Les coups CRIT des attaques ont 60% de chance de générer une faible quantité de particules élémentaire qui restaurent 6 pts d'énergie. Cet effet peut être déclenché 1 fois toutes les 12s.", "Voeux permanents"),
("Aileron de brise-vagues", 4, "Lance", "Stats : 45 base ATQ, ATQ% \r Pour chaque point de l'énergie élémentaire combinée de l'ensemble de l'équipe, les DGT du déchaînement élémentaire du personnage équipé de cette arme augmentent de 0,12 %. Les DGT du déchaînement élémentaire peuvent être augmentés jusqu'à 40 % de cette manière.", "Voeux temporaires"),
("Lance Dosdragon", 4, "Lance", "Stats : 41 base ATQ, DGT physiques \r	Les attaques normales et chargées ont 60% de chance lorsqu'elles touchent de générer une stalactite de glace qui inflige des DGT de zone équivalent à 80% de l'ATQ. Si l'ennemi est affecté par l'effet cryo, la stalactite inflige alors 200% de l'ATQ. Cet effet se déclenche une fois toutes les 10 secondes.", "Craft, Histoire : quête "),
("Lance de chasse royale", 4, "Lance", "Stats : 44 base ATQ, ATQ% \r Augmente le taux CRIT de 8% à chaque coup porté à l'ennemi. Cet effet peut être cumulé 5 fois au maximun, et est réinitialisé à chaque coup CRIT.", "Astéries"),
("Lance en croix de Kitain", 4, "Lance", "Stats : 44 base ATQ, Maîtrise élémentaire \r Augmente les DGT infligés par les compétences élémentaires de 6%. Lorsqu'une compétence élémentaire touche un ennemi, le personnage perd 3 pts d'énergie élémentaire, mais récupère 3 pts d'énergie toutes les 2s pendant 6s. Cet effet peut être déclenché une fois toutes les 10s, même si le personnage fait partie de l'équipe mais n'est pas déployé.", "Craft"),
("La prise", 4, "Lance", "Stats : 42 base ATQ, Recharge d'énergie \r Augmente les DGT des déchaînements élémentaires de 16% et leur taux CRIT de 6%.", "Récompense pêche"),
("Perce-lune", 4, "Lance", "Stats : 44 base ATQ, Maîtrise élémentaire \r Après avoir déclenché une réaction de Brûlure, de Stimulation, de Suractivation, de Propagation, de Fleurissement, d'Exubérance ou de Bourgeonnement, une feuille de renouveau est générée autour du personnage pendant un maximum de 10 s. Une fois collectée, la feuille augmente l'ATQ du personnage de 16 % pendant 12 s. Une feuille de renouveau peut être créée de cette manière une fois toutes les 20 s. L'effet peut être déclenché même lorsque le personnage fait partie de l'équipe mais n'est pas déployé.", "Craft"),
("Lance du vent saisonnier", 4, "Lance", "Stats : 42 base ATQ, ATQ% \r Déclencher une réaction élémentaire augmente pendant 10 s l'ATQ de 12 % et la maîtrise élémentaire de 48 pts.", "Event"),
("Récompense légitime", 4, "Lance", "Stats : 44 base ATQ, PV% \r Recevoir des soins restaure 8 pts d'énergie. Cet effet peut être déclenché une fois toutes les 10 s, même lorsque le personnage fait partie de l'équipe mais n'est pas déployé.", "Craft"),
("Ballade des fjords", 4, "Lance", "Stats : 42 base ATQ, Taux CRIT \r Lorsque votre équipe contient des personnages d'au moins 3 types élémentaires différents, la maîtrise élémentaire augmente de 120 pts.", "Battle Pass"),
("Foret de prospecteur", 4, "Lance", "Stats : 44 base ATQ, ATQ% \r Lorsque le personnage reçoit ou effectue des soins, il obtient une marque solidaire pendant 30 s, un maximum de 3 marques solidaires pouvant être obtenu. Utiliser une compétence ou un déchaînement élémentaires consomme toutes les marques solidaires et accorde un effet de baroud pendant 10 s : chaque marque solidaire consommée augmente l'ATQ de 3 % et le bonus de DGT élémentaires de 7 %. Un effet de baroud peut être déclenché une fois toutes les 15 s, et des marques solidaires peuvent être obtenues même lorsque le personnage fait partie de l'équipe mais n'est pas déployé.", "Voeux temporaires"),
("Dialogues des sages du désert", 4, "Lance", "Stats : 42 base ATQ, PV% \r Effectuer des soins restaure 8 pts d'énergie. Cet effet peut être déclenché une fois toutes les 10 s, même lorsque le personnage fait partie de l'équipe mais n'est pas déployé.", "Event"),
("Trace d'arc-en-ciel", 4, "Lance", "Stats : 42 base ATQ, DEF% \r Augmente la DÉF de 16 % pendant 15 s après l'utilisation d'une compétence élémentaire.", "Craft"),
("Clou soutenant les montagnes", 4, "Lance", "Stats : 42 base ATQ, Recharge d'énergie \r La consommation d'endurance lors de l'escalade diminue de 15 % et les DGT infligés par les compétences élémentaires augmentent de 12 %. De plus, les DGT infligés par les compétences élémentaires du personnage équipé de l'arme augmentent de 12 % supplémentaires pendant 8 s lorsqu'un autre personnage de l'équipe à proximité a utilisé une compétence élémentaire.", "Voeux temporaires"),
("Pampille noire", 3, "Lance", "Stats : 38 base ATQ, PV% \r Augmente les DGT infligés aux Blobs de 40%.", "Voeux drop"),
("Hallebarde", 3, "Lance", "Stats : 40 base ATQ, ATQ% \r Les attaques normales infligent 160% de DGT d'ATQ suplémentaires lorsqu'elles touchent. Cet effet peut être déclenché une fois toutes les 10 secondes.", "Voeux drop"),
("Pampille blanche", 3, "Lance", "Stats : 39 base ATQ, Taux CRIT \r Augmente les DGT infligés par les attaques normales de 24%.", "Voeux drop"),
("Pointe de fer", 2, "Lance", "Stats : 33 base ATQ ", "Craft drop"),
("Lance du débutant", 1, "Lance", "Stats : 23 base ATQ ", "Craft drop");


