INSERT INTO `bannieres`
VALUES ("Permanente"),
("Arme Temporaire"),
("Perso Temporaire");

INSERT INTO `regions`
VALUES ("Mondstadt"),
("Liyue"),
("Inazuma"),
("Fontaine"),
("Natlan"),
("Sumeru"),
("Snezhnaya");

INSERT INTO `artefacts`
VALUES("Fleur"),
("Plume"),
("Sablier"),
("Coupe"),
("Couronne");

INSERT INTO `elements`
VALUES("anemo"),
("electro"), 
("geo"),
("dendro"), 
("pyro"), 
("cryo"),
("hydro"),
("all");

INSERT INTO `donjons` 
VALUES ("Antre de Stormterror", "boss", true, "Mondstadt"), 
("Chambre d'Or", "boss", true, "Liyue"),
("Sous l'arbre dompteur de dragon", "boss", true, "Liyue"),
("Tenshukaku","boss", true, "Inazuma"),
("Fin de l'euthymie onirique","boss", true, "Inazuma"),
("Atelier Joururi", "boss", true, "Sumeru"),
("Royaume des commencements", "boss", false, "Sumeru"),
("Ombre d'un autre monde", "boss", false, "Fontaine"),
("Ruines éparses","boss", false, "Fontaine"),
("Jardin estival", "artéfact", true, "Mondstadt"),
("Vallée de la réminiscence", "artéfact", true, "Mondstadt"),
("Au-dessus des nuages","artéfact", true, "Liyue"),
("Palais secret de la formule Zhou","artéfact", true, "Liyue"),
("Lagunes et montages","artéfact", true, "Liyue"),
("Pic de Vindagnyr","artéfact", true, "Mondstadt"),
("Garde de la montagne","artéfact", true, "Liyue"),
("Cour Momiji","artéfact", true, "Inazuma"),
("Cour d'hibernation", "artéfact", true, "Inazuma"),
("Vallée recluse","artéfact", true, "Liyue"),
("Tour de l'illumination", "artéfact", true, "Sumeru"),
("Cité d'or","artéfact", true, "Sumeru"),
("Forteresse de fer en fusion","artéfact", true, "Sumeru"),
("Dénouement des péchés","artéfact", true, "Fontaine"), 
("Ville des cascades", "artéfact", true, "Fontaine"),
("Théâtre fané", "artéfact", false, "Fontaine"),
("Sanctuaire des esprits arc-en-ciel", "artéfact", false, "Natlan"),
("Pépiniaire de cécilias", "matériaux d'élévation d'arme", true, "Mondstadt"),
("Palais secret de Lianshan", "matériaux d'élévation d'arme", true, "Liyue"),
("Cour des sables mouvants", "matériaux d'élévation d'arme", true, "Inazuma"),
("Tour de la fierté", "matériaux d'élévation d'arme", true, "Sumeru"),
("Échos des marées profondes", "matériaux d'élévation d'arme", true, "Fontaine"),
("Ancienne tour de guet", "matériaux d'élévation d'arme", false, "Natlan"),
("Gorge de l'oubli", "matériaux d'élévation d'aptitude", true, "Mondstadt"), 
("Manoir Taishan", "matériaux d'élévation d'aptitude", true, "Liyue"),
("Cour Violette", "matériaux d'élévation d'aptitude", true, "Inazuma"),
("Tour de l'ignorance", "matériaux d'élévation d'aptitude", true, "Sumeru"),
("Pâle gloire oubliée", "matériaux d'élévation d'aptitude", true, "Fontaine"),
("Ruines flamboyantes", "matériaux d'élévation d'aptitude", false, "Natlan");

INSERT INTO `sets`
VALUES ("Colère du tonnerre", "2 pièces : Confère un bonus de DGT Électro de 15 %. \r 4 pièces : Augmente les DGT infligés par Surcharge, Électrocution, Supraconduction et Exubérance de 40 % et le bonus de DGT accordée[sic] par Suractivation de 20 %. Au déclenchement de ces réactions élémentaires ou d'une réaction de Stimulation, le TdR de la compétence élémentaire diminue de 1 s. Cet effet peut être déclenché une fois toutes les 0,8 s.", "Jardin Estival"),
("Dompteur de foudre", "2 pièces : Augmente la RÉS Électro de 40 %. \r 4 pièces : Augmente les DGT infligés aux ennemis affectés par l'élément Électro de 35 %.", "Jardin estival"),
("Ombre de la Verte Chasseuse", "2 pièces : Confère un bonus de DGT Anémo de 15 %. \r 4 pièces : Augmente les DGT infligés par Dispersion de 60 % ; la RÉS élémentaire des ennemis diminue de 40 % pendant 10 s selon le type élémentaire de Dispersion.", "Vallée de la réminiscence"),
("Amour chéri", "2 pièces : Augmente les soins effectués par le personnage de 15 %. \r 4 pièces : Augmente les soins reçus par tous les personnages de l'équipe de 20 % pendant 10 s après l'utilisation d'une compétence élémentaire ou d'un déchaînement élémentaire.", "Vallée de la réminiscence"),
("Roche ancienne","2 pièces : Confère un bonus de DGT Géo de 15 % \r 4 pièces : Lorsque vous obtenez un cristal issu d'une Cristallisation, tous les personnages de l'équipe bénéficient d'un bonus de DGT du second élément de la réaction de 35 % pendant 10 s. Cet effet ne peut s'appliquer qu'à un seul élément à la fois.","Au-dessus des nuages"),
("Météore inversé", "2 pièces : Augmente la force du bouclier de 35 %. \r 4 pièces : Les attaques normales et chargées infligent un bonus de 40 % de DGT lorsque le personnage est sous la protection d'un bouclier.", "Au-dessus des nuages")
("Marcheur du feu", "2 pièces : Augmente la RÉS Pyro de 40 %. \r 4 pièces : Augmente les DGT infligés aux ennemis affectés par l'élément Pyro de 35 %.", "Palais secret de la formule Zhou"),
("Sorcière des flammes ardentes", "2 pièces : Confère un bonus de DGT Pyro de 15 %. \r 4 pièces : Augmente les DGT infligés par Surcharge, Brûlure et Bourgeonnement de 40 % et ceux d'Évaporation et de Fonte de 15 %. L'utilisation d'une compétence élémentaire augmente pendant 10 s l'effet du set de 2 pièces de 50 %. Cet effet peut être cumulé 3 fois maximum.", "Palais secret de la Formule Zhou"),
("Chevalerie ensanglantée", "2 pièces : Augmente les DGT physiques de 25 %. \r 4 pièces : L'utilisation d'attaques chargées ne consomme pas l'endurance pendant 10 s après la défaite d'un ennemi, et ces dernières infligent 50 % de DGT supplémentaires.", "Lagunes et Montagnes"),
("Ancien rituel royal", "2 pièces : Augmente les DGT infligés par le déchaînement élémentaire de 20 %. \r 4 pièces : Augmente l'ATQ de tous les personnages de l'équipe de 20 % pendant 12 s après un déchaînement élémentaire. Cet effet est non cumulable.", "Lagunes et Montagnes"),
("Briseur de glace", "2 pièces : Confère un bonus de DGT Cryo de 15 %. \r 4 pièces : Augmente le taux CRIT de 20 % lorsque le personnage attaque un ennemi affecté par l'élément Cryo. Confère un bonus supplémentaire de 20 % de taux CRIT si l'ennemi est gelé.", "Pic de Vindagnyr"),
("Âme des profondeurs", "2 pièces : Confère un bonus de DGT Hydro de 15 %. \r 4 pièces : Augmente les DGT infligés par les attaques normales et chargées de 30 % pendant 15 s après l'utilisation d'une compétence élémentaire.", "Pic de Vindagnyr"),
("Ténacité du Millelithe","2 pièces : Les PV sont augmentés de 20 %. \r 4 pièces : Lorsqu'une compétence élémentaire a touché un ennemi, l'ATQ de tous les personnages de l'équipe à proximité augmente de 20 % et la force de leur bouclier augmente de 30 % pendant 3 s. Cet effet peut être déclenché une fois toutes les 0,5 s, même lorsque le personnage équipé de ce set d'artéfacts fait partie de l'équipe mais n'est pas déployé.","Garde de la montagne"),
("Flamme blême","2 pièces : Augmente les DGT physiques de 25 %. \r 4 pièces : Lorsqu'une compétence élémentaire a touché un ennemi, l'ATQ augmente de 9 % pendant 7 s. Cet effet peut être cumulé 2 fois maximum et déclenché une fois toutes les 0,3 s. Une fois 2 cumuls atteints, l'effet du set de 2 pièces augmente de 100 %.","Garde de la montagne"),
("Réminiscence nostalgique","2 pièces : Augmente l'ATQ de 18 %. \r 4 pièces : Lorsque le personnage possède au minimum 15 pts d'énergie élémentaire, libérer une compétence élémentaire entraîne une perte de 15 pts d'énergie, mais les DGT infligés par son attaque normale, chargée et plongeante augmentent de 50 % pendant 10 s. Cet effet ne se déclenchera plus pendant cette durée.","Cour Momiji"),
("Emblème du destin brisé","2 pièces : Augmente la recharge d'énergie de 20 %. \r 4 pièces : Augmente les DGT infligés par le déchaînement élémentaire d'une valeur équivalant à 25 % de la recharge d'énergie. Les DGT peuvent être augmentés d'un maximum de 75 % de cette manière.","Cour Momiji"),
("Coquille des rêves opulents","2 pièces : Augmente la DÉF de 30 %. \r 4 pièces : Un personnage équipé de ce set d'artéfacts obtiendra 1 cumul de curiosité des façons suivantes : sur le champ de bataille, il obtient 1 cumul en touchant un ennemi avec une attaque Géo, ceci pouvant être déclenché une fois toutes les 0,3 s ; en faisant partie de l'équipe mais en n'étant pas déployé, il obtient 1 cumul toutes les 3 s. La curiosité peut être cumulée 4 fois maximum, chaque cumul accordant 6 % de bonus de DÉF et 6 % de bonus de DGT Géo. Si 6 s s'écoulent sans obtenir de cumul de curiosité, 1 cumul sera perdu.","Cour d'hibernation"),
("Palourde aux teintes océaniques","2 pièces : Augmente le bonus de soins de 15 %. \r 4 pièces : Lorsqu'un personnage équipé de ce set d'artéfacts soigne un personnage de l'équipe, une mousse marine apparaîtra pendant 3 s, accumulant la quantité de PV récupérée grâce au soin (y compris tout surplus au-dessus de 100 %). À la fin de la durée, la mousse marine explosera, infligeant des DGT aux ennemis proches d'une valeur équivalant à 90 % du soin accumulé (Ces DGT sont calculés de la même manière que les réactions d'Électrocution et de Supraconduction, mais ne sont pas affectés par la maîtrise élémentaire, les niveaux des personnages ou les bonus de DGT de réactions élémentaires). Une mousse marine peut être générée une fois toutes les 3,5 s, et chaque mousse marine peut accumuler jusqu'à 30 000 PV, incluant tout surplus au-dessus de 100 %. Il ne peut exister qu'une seule mousse marine à la fois. Cet effet peut être déclenché même lorsque le personnage équipé de ce set d'artéfacts fait partie de l'équipe mais n'est pas déployé.","Cour d'hibernation"),
("Au-delà cinabrin","2 pièces : Augmente l'ATQ de 18 %. \r 4 pièces : Lorsqu'un personnage utilise un déchaînement élémentaire, il gagne l'effet Lumière latente pendant 16 s, augmentant son ATQ de 8 %, puis de 10 % supplémentaires à chaque fois que ses PV diminuent. Cette augmentation supplémentaire peut être cumulée 4 fois maximum et déclenchée une fois toutes les 0,8 s. L'effet Lumière latente cesse lorsque le personnage quitte le champ de bataille. Si le personnage utilise à nouveau son déchaînement élémentaire alors que la Lumière latente est en effet, l'effet original de Lumière latente est dissipé.","Vallée recluse"),
("Échos d'une offrande","2 pièces : Augmente l'ATQ de 18 %. \r 4 pièces : En touchant un ennemi, les attaques normales ont 36 % de chances de déclencher l'effet Rituel de la vallée, augmentant les DGT d'attaque normale d'une valeur équivalant à 70 % de l'ATQ. Cet effet sera dissipé 0,05 s après avoir infligé des DGT avec une attaque normale. Chaque attaque normale ne déclenchant pas l'effet augmentera les chances de le déclencher la prochaine fois de 20 %. Cet effet peut être déclenché une fois toutes les 0,2 s.","Vallée recluse"),
("Souvenir de forêt","2 pièces : Confère un bonus de DGT Dendro de 15 % \r 4 pièces : Après qu'une compétence ou un déchaînement élémentaires a touché un ennemi, sa RÉS Dendro diminue de 30 % pendant 8 s. Cet effet peut être déclenché même si le personnage équipé de l'artéfact fait partie de l'équipe mais n'est pas déployé.","Tour de l'illumination"),
("Rêve doré","2 pièces : Augmente la maîtrise élémentaire de 80 pts. \r 4 pièces : Déclencher une réaction élémentaire confère pendant 8 s au personnage équipé de l'artéfact des bonus en fonction du nombre de types élémentaires des autres personnages de l'équipe : son ATQ augmente de 14 % pour chaque membre du même type élémentaire que le sien, et sa maîtrise élémentaire augmente de 50 pts pour chaque membre de type élémentaire différent du sien. Chacun des bonus susmentionnés compte un maximum de 3 personnages. Cet effet peut être déclenché une fois toutes les 8 s, même si le personnage équipé de l'artéfact fait partie de l'équipe mais n'est pas déployé.","Tour de l'illumination"),
("Chronique du Pavillon du désert","2 pièces : Confère un bonus de DGT Anémo de 15 %. \r 4 pièces : Lorsqu'une attaque chargée a touché un ennemi, la VIT d'attaque normale du personnage augmente de 10 % et les DGT infligés par ses attaques normales, chargées et plongeantes augmentent de 40 %, pendant 15 s.","Cité d'or"),
("Fleur du paradis perdu","2 pièces : Augmente la maîtrise élémentaire de 80 pts. \r 4 pièces : Augmente les DGT infligés par les réactions de Fleurissement, d'Exubérance et de Bourgeonnement du personnage équipé de l'artéfact de 40 %. De plus, lorsque le personnage équipé de l'artéfact a déclenché une réaction de Fleurissement, d'Exubérance ou de Bourgeonnement, le bonus mentionné précédemment augmente de 25 % pendant 10 s. Cet effet peut être cumulé 4 fois maximum et déclenché une fois toutes les secondes. Cet effet peut être déclenché même si le personnage équipé de l'artéfact fait partie de l'équipe mais n'est pas déployé.","Cité d'or"),
("Rêve de la nymphe","2 pièces : Confère un bonus de DGT Hydro de 15 %. \r 4 pièces : Lorsqu'une attaque normale, chargée ou plongeante, une compétence ou un déchaînement élémentaires a touché un ennemi, un cumul de l'effet Nymphe reflétée de 8 s est généré. Avec 1, 2 ou au minimum 3 cumuls de nymphe reflétée, l'ATQ augmente respectivement de 7 %/16 %/25 % et le bonus de DGT Hydro de 4 %/9 %/15 %. Les cumuls de nymphe reflétée obtenus grâce aux différents types d'attaques (normales, chargées, plongeantes, compétences et déchaînements élémentaires) existent indépendamment les uns des autres.","Forteresse de fer en fusion"),
("Lueur du vourukasha","2 pièces : Les PV sont augmentés de 20 %. \r 4 pièces : Les DGT infligés par les compétences et déchaînements élémentaires augmentent de 10 %. Lorsque le personnage équipé de l'artéfact a subi des DGT, cet effet de bonus de DGT augmente de 80 % pendant 5 s. Cet effet peut être cumulé 5 fois maximum, la durée de chaque cumul étant calculée de façon indépendante. Cet effet peut être déclenché même si le personnage fait partie de l'équipe mais n'est pas déployé.","Forteresse de fer en fusion"),
("Chasseur de la Maréchaussée","2 pièces : Augmente les DGT infligés par les attaques normales et chargées de 15 %. \r 4 pièces : Lorsque les PV actuels du personnage augmentent ou diminuent, son taux CRIT augmente de 12 % pendant 5 s. Cet effet peut être cumulé 3 fois maximum.","Dénouement des péchés"),
("Troupe dorée","2 pièces : Augmente les DGT infligés par la compétence élémentaire de 20 %. \r 4 pièces : Les DGT infligés par les compétences élémentaires augmentent de 25 %. De plus, lorsque le personnage fait partie de l'équipe mais n'est pas déployé, les DGT infligés par ses compétences élémentaires augmentent de 25 % supplémentaires, cet effet prenant fin 2 s après le déploiement du personnage.","Dénouement des péchés"),
("Chanson des jours d'antan","2 pièces : Augmente le bonus de soins de 15 %. \r 4 pièces : Lorsque le personnage équipé de l'artéfact soigne un personnage de l'équipe, l'effet Désir est créé pendant 6 s, accumulant la quantité de PV soignés (y compris tout surplus au-dessus de 100 %). À la fin de la durée, l'effet Désir est converti en l'effet Vague d'antan : lorsque votre personnage déployé touche un ennemi avec une attaque normale, chargée ou plongeante, une compétence ou un déchaînement élémentaires, les DGT infligés augmentent d'une valeur équivalant à 8 % de la quantité de PV accumulée par l'effet Désir. L'effet Vague d'antan est annulé après avoir été déclenché 5 fois ou après 10 s. L'effet Désir peut accumuler jusqu'à 15 000 PV et il ne peut en exister qu'un seul à la fois, mais il peut accumuler les soins effectués par plusieurs personnages équipés de cet artéfact. Cet effet peut être déclenché même si les personnages équipés de cet artéfact font partie de l'équipe mais ne sont pas déployés.","Ville des cascades"),
("Murmure nocturne en forêt d'échos","2 pièces : Augmente l'ATQ de 18 %. \r 4 pièces : Après l'utilisation d'une compétence élémentaire, le bonus de DGT Géo augmente de 20 % pendant 10 s. Sous la protection d'un bouclier généré par une réaction de Cristallisation, cet effet augmente de 150 %, cette augmentation supplémentaire disparaissant 1 s après la perte du bouclier.","Ville des cascades"),
("Fragment d'harmonie divergente","2 pièces : Augmente l'ATQ de 18 %. \r 4 pièces : Lorsque la valeur d'un engagement vital augmente ou diminue, les DGT infligés par le personnage augmentent de 18 % pendant 6 s. Cet effet peut être cumulé 3 fois maximum.","Théâtre fané"),
("Rêverie incomplète","2 pièces : Augmente l'ATQ de 18 %. \r 4 pièces : Après avoir été hors combat pendant 3 s, les DGT infligés augmentent de 50 %. En combat, si aucun ennemi brûlé n'est à proximité pendant plus de 6 s, cette augmentation de DGT diminue de 10 % toutes les secondes, jusqu'à atteindre 0 % ; si un ennemi brûlé est à proximité, elle augmente de 10 % toutes les secondes, jusqu'à atteindre 50 %. Cet effet peut être déclenché même lorsque le personnage équipé de ce set d'artéfacts fait partie de l'équipe mais n'est pas déployé.","Théâtre fané"),
("Parchemin du héros de la Cité de braise","2 pièces : Lorsqu'un membre de l'équipe à proximité déclenche une éruption noctâme, le personnage équipé de l'artéfact récupère 6 pts d'énergie élémentaire. \r 4 pièces : Lorsque le personnage équipé de l'artéfact a déclenché une réaction liée à son type élémentaire, le bonus de DGT élémentaires des éléments concernés par cette réaction augmente de 12 % pendant 15 s pour tous les personnages de l'équipe à proximité. Si le personnage équipé de l'artéfact bénéficie d'une bénédiction noctâme lors du déclenchement de cet effet, le bonus de DGT élémentaires des éléments concernés par cette réaction augmente de 28 % supplémentaires pendant 20 s pour tous les personnages de l'équipe à proximité. L'effet ci-dessus peut être déclenché même si le personnage n'est pas déployé, et les effets d'augmentation des DGT accordés par les sets d'artéfacts du même nom ne se cumulent pas.","Sanctuaire des esprits arc-en-ciel"),
("Codex d'obsidienne","2 pièces : Lorsque le personnage équipé de l'artéfact bénéficie d'une bénédiction noctâme et est sur le terrain, les DGT qu'il inflige augmentent de 15 %. \r 4 pièces : Lorsque le personnage équipé de l'artéfact a consommé 1 pt de noctâme sur le terrain, le taux CRIT augmente de 40 % pendant 6 s. Cet effet peut être déclenché une fois toutes les secondes.","Sanctuaire des esprits arc-en-ciel");

INSERT INTO `personnages` 
VALUES ("Voyageur", NULL, NULL, "all", 5, "Maîtrise", "Recharge", NULL);
("Xiao", NULL, NULL, "anemo", 5, "DGT crit", "Taux Crit", "Liyue"),
("Venti", NULL, NULL, "anemo", 5, "Recharge", "Maîtrise", "Mondstadt"),
("Sucrose", NULL, NULL, "anemo", 4, "Recharge", "Maîtrise", "Mondstadt"),
("Jean", NULL, NULL, "anemo", 5, "Taux Crit", "DGT Crit", "Mondstadt"),
("Kazuha", "Kadehara", NULL, "anemo", 5, "Recharge", "Maîtrise", "Inazuma"),
("Sayu", NULL, NULL, "anemo", 4, "ATQ%", "Recharge", "Inazuma"),
("Heizou", "Shikanoin", NULL, "anemo", 4, "Taux Crit", "DGT Crit", "Inazuma"),
("Nomade", NULL, NULL, "anemo", 5, "Taux Crit", "DGT Crit", "Inazuma"),
("Faruzan", NULL, NULL, "anemo", 4, "Recharge", "Taux Crit", "Sumeru"),
("Lynette", NULL, NULL, "anemo", 4, "Taux Crit", "Recharge", "Fontaine"),
("Xianyun", NULL, NULL, "anemo", 5, "Recharge", "ATQ%", "Liyue"),
("Xiangling", NULL, NULL, "pyro", 4, "Recharge", "Taux Crit", "Liyue"),
("Klee", NULL, NULL, "pyro", 5, "Taux Crit", "DGT Crit", "Mondstadt"),
("Diluc", NULL, NULL,"pyro", 5, "Taux Crit", "DGT Crit", "Mondstadt"),
("Bennett", NULL, NULL,"pyro", 4, "PV%", "Recharge", "Mondstadt"),
("Amber", NULL, NULL,"pyro", 4, "Taux Crit", "DGT Crit", "Mondstadt"),
("Xinyan", NULL, NULL,"pyro", 4, "DEF%", "Recharge", "Liyue"),
("Tao", "Hu", NULL, "pyro", 5, "Taux Crit", "DGT Crit", "Liyue"),
("Yanfei", NULL, NULL, "pyro", 4, "Taux Crit", "DGT Crit", "Liyue"),
("Yoimiya", NULL, NULL, "pyro", 5, "Taux Crit", "DGT Crit", "Mondstadt"),
("Thomas", NULL, NULL, "pyro", 4, "PV%", "Recharge", "Inazuma"),
("Dehya", NULL, NULL, "pyro", 5, "ATQ%", "Taux Crit", "Sumeru"),
("Lyney", NULL, NULL, "pyro", 5, "Taux Crit", "DGT Crit", "Fontaine"),
("Chevreuse", NULL, NULL, "pyro", 4, "Recharge", "Taux Crit", "Fontaine"),
("Gaming", NULL, NULL, "pyro", 4, "Recharge", "Taux Crit", "Liyue"),
("Arlecchino", NULL, NULL, "pyro", 5,"Taux Crit", "DGT Crit", "Fontaine"), 
("Razor", NULL, NULL, "electro", 4, "Taux Crit", "DGT Crit", "Mondstadt"),
("Fischl", NULL, NULL, "electro", 4, "Taux Crit", "DGT Crit", "Mondstadt"),
("Beidou", NULL, NULL, "electro", 4, "Recharge", "Taux Crit", "Inazuma"),
("Lysa", NULL, NULL, "electro", 4,"Taux Crit", "DGT Crit", "Mondstadt"),
("Keqing", NULL, NULL, "electro", 5, "Taux Crit", "DGT Crit", "Liyue"),
("Raiden", NULL, NULL, "electro", 5, "Taux Crit", "DGT Crit", "Inazuma"),
("Sara", NULL, NULL, "electro", 4, "Taux Crit", "DGT Crit", "Inazuma"),
("Yae", "Miko", NULL, "electro", 5, "Taux Crit", "DGT Crit", "Inazuma"),
("Shinobu", NULL, NULL, "electro", 4, "PV%", "Maîtrise", "Inazuma"),
("Dori", NULL, NULL, "electro", 4, "PV%", "Recharge", "Sumeru"),
("Cyno", NULL, NULL, "electro", 5, "Taux Crit", "DGT Crit", "Sumeru"),
("Clorinde", NULL, NULL, "electro", 5, "Taux Crit", "DGT Crit", "Fontaine"),
("Sethos", NULL, NULL, "electro", 4, "Taux Crit", "DGT Crit", "Sumeru"),
("Chongyun", NULL, NULL, "cryo", 4, "Taux Crit", "DGT Crit", "Mondstadt"),
("Kaeya", NULL, NULL, "cryo", 4, "Taux Crit", "DGT Crit", "Mondstadt"),
("Qiqi", NULL, NULL, "cryo", 5, "ATQ%", "Recharge", "Liyue"),
("Diona", NULL, NULL, "cryo", 4, "PV%", "Recharge", "Mondstadt"),
("Ganyu", NULL, NULL, "cryo", 5, "Taux Crit", "DGT Crit", "Liyue"),
("Rosalia", NULL, NULL, "cryo", 4, "Taux Crit", "DGT Crit", "Mondstadt"),
("Eula", NULL, NULL, "cryo", 5, "Taux Crit", "DGT Crit", "Mondstadt"),
("Ayaka", "Kamisato", NULL, "cryo", 5, "Taux Crit", "DGT Crit", "Inazuma"),
("Aloy", NULL, NULL, "cryo", 5, "Taux Crit", "DGT Crit", NULL),
("Shenhe", NULL, NULL, "cryo", 5, "ATQ%", "Recharge", "Liyue"),
("Layla", NULL, NULL, "cryo", 4, "Taux Crit", "Recharge", "Sumeru"),
("Mika", NULL, NULL, "cryo", 4, "Taux Crit", "Recharge", "Fontaine"),
("Fréminet", NULL, NULL, "cryo", 4, "Recharge", "Taux Crit", "Fontaine"),
("Wriothesley", NULL, NULL, "cryo", 5, "Taux Crit", "DGT Crit", "Fontaine"),
("Charlotte", NULL, NULL, "cryo", 4, "Recharge", "ATQ%", "Fontaine"),
("Noelle", NULL, NULL, "geo", 4, "DEF%", "Recharge", "Mondstadt"),
("Ningguang", NULL, NULL, "geo", 4, "Taux Crit", "DGT Crit", "Liyue"),
("Zhongli", NULL, NULL, "geo", 5, "Taux Crit", "DGT Crit", "Liyue"),
("Albedo", NULL, NULL, "geo", 5, "Taux Crit", "DGT Crit", "Mondstadt"),
("Gorou", NULL, NULL, "geo", 4, "DEF%", "Recharge", "Liyue"),
("Itto", "Arataki", NULL, "geo", 5, "Taux Crit", "DGT Crit", "Inazuma"),
("Jin", "Yun", NULL, "geo", 4, "Taux Crit", "DEF%", "Liyue"),
("Navia", NULL, NULL, "geo", 5, "Taux Crit", "DGT Crit", "Fontaine"),
("Chiori", NULL, NULL, "geo", 5, "Taux Crit", "DGT Crit", "Inazuma"),
("Kachina", NULL, NULL, "geo", 4, "Taux Crit", "DGT Crit", "Sumeru"),
("Xilonen", NULL, NULL, "geo", 5, "Recharge", "DEF%", "Natlan"),
("Collei", NULL, NULL, "dendro", 4, "Taux Crit", "DGT Crit", "Sumeru"),
("Tighnari", NULL, NULL, "dendro", 5, "Taux Crit", "DGT Crit", "Sumeru"),
("Nahida", NULL, NULL, "dendro", 5, "Maîtrise", "Taux Crit", "Sumeru"),
("Alhaitham", NULL, NULL, "dendro", 5, "Recharge", "Taux Crit", "Sumeru"),
("Yaoyao", NULL, NULL, "dendro", 4, "Taux Crit", "Recharge", "Inazuma"),
("Baizhu", NULL, NULL, "dendro", 5, "PV%", "Recharge", "Liyue"),
("Kaveh", NULL, NULL, "dendro", 4, "Recharge", "Maîtrise", "Liyue"),
("Kirara", NULL, NULL, "dendro", 4, "Recharge", "PV%", "Inazuma"),
("Émilie", NULL, NULL, "dendro", 5, "Taux Crit", "DGT Crit", "Fontaine"),
("Kinich", NULL, NULL, "dendro", 5, "Taux Crit", "ATQ%", "Natlan"),
("Xingqiu", NULL, NULL, "hydro", 4, "Recharge", "Taux Crit", "Liyue"),
("Barbara", NULL, NULL, "hydro", 4, "Recharge", "PV%", "Mondstadt"),
("Mona", NULL, NULL, "hydro", 5, "Taux Crit", "Recharge", "Mondstadt"),
("Tartaglia", NULL, NULL, "hydro", 5, "Taux Crit", "DGT Crit", "Snezhnaya"),
("Kokomi", NULL, NULL, "hydro", 5, "PV%", "Recharge", "Inazuma"),
("Ayato", "Kamisato", NULL, "hydro", 5, "Taux Crit", "DGT Crit", "Inazuma"),
("Yelan", NULL, NULL, "hydro", 5, "Taux Crit", "DGT Crit", "Liyue"),
("Candace", NULL, NULL, "hydro", 4, "Recharge", "PV%", "Sumeru"),
("Nilou", NULL, NULL, "hydro", 5, "Maîtrise", "PV%", "Sumeru"),
("Neuvillette", NULL, NULL, "hydro", 5, "Taux Crit", "DGT Crit", "Fontaine"),
("Furina", NULL, NULL, "hydro", 5, "Taux Crit", "Recharge", "Fontaine"),
("Sigewinne", NULL, NULL, "hydro", 5, "PV%", "Recharge", "Fontaine"),
("Mualani", NULL, NULL, "hydro", 5, "Taux Crit", "DGT Crit", "Natlan");

